:020000040800F2
:1000000000000A20FF1300081514000891030008DF
:100010001D140008251400082D14000835140008CC
:1000200000000000000000000000000015040008AF
:100030003D140008000000007F020008C97C000891
:10004000090F0008130F00081D0F0008270F0008F4
:10005000310F00083B0F0008450F00084F0F000844
:10006000590F0008630F00086D0F0008770F000894
:10007000810F00088B0F0008950F00089F0F0008E4
:10008000A90F0008B30F0008BD0F0008C70F000834
:10009000D10F0008DB0F0008E50F0008EF0F000884
:1000A000F90F0008031000080D10000817100008D1
:1000B000211000082B100008351000083F10000820
:1000C00049100008531000085D1000086710000870
:1000D00000000000711000087B1000088510000867
:1000E0008F10000899100008A3100008AD10000838
:1000F000B7100008C1100008CB100008D510000888
:10010000DF100008E9100008F3100008FD100008D7
:1001100007110008111100081B1100082511000823
:100120002F11000839110008431100084D11000873
:1001300057110008611100086B11000875110008C3
:100140007F11000889110008931100089D11000813
:10015000A7110008B1110008BB110008C511000863
:10016000CF110008D9110008E3110008ED110008B3
:10017000F7110008011200080B1200081512000800
:100180001F12000829120008331200083D1200084F
:1001900047120008511200085B120008651200089F
:1001A0006F12000879120008831200088D120008EF
:1001B00097120008A1120008AB120008B51200083F
:1001C000BF120008C9120008D3120008DD1200088F
:1001D000E7120008F1120008FB12000805130008DE
:1001E0000F13000819130008231300082D1300082B
:1001F00037130008411300084B130008551300087B
:100200005F13000869130008731300080000000062
:10021000000000007D1300080000000087130008A4
:10022000911300089B130008A5130008AF130008E2
:10023000B9130008C3130008CD130008D713000832
:0C024000E1130008EB130008F5130008A0
:10025000EFF3108072B6704780F3108870475E4AE3
:100260001368012B04D04FF0010313605B4A106048
:100270005B4A11605B484FF0805101607047EFF3BB
:10028000108272B654480168002902D182F31088A6
:10029000704704B44FF0000101605048016859B341
:1002A00051490968A1B103B5084601F05FF9BDE8FD
:1002B0000340724612F0400F0AD0EFF30B83EFF3C6
:1002C0001484EFF3098525E91E000068056013E03A
:1002D000EFF309811EF0100F08BF21ED108B21E90B
:1002E000F00F414A12687346EFF30B84EFF3148565
:1002F00021E93C00006801603949096809683CC986
:1003000084F30B8885F314889E46374E326010467E
:1003100040B10AB401F02BF90ABC9E4613F0400F1D
:1003200000D006E0B1E8F00F1EF0100F08BFB1ECEE
:10033000108B81F3098804BC82F310887047284928
:100340000860EFF3148222F0040282F31488234938
:100350004FF00000086020494FF00100086023487A
:100360002349D0F8002041EA020101601D484FF006
:10037000805101601F480068006800BF80F3088852
:1003800061B662B6BFF34F8FBFF36F8F704700BF88
:10039000EFF308801EF0040F01D0EFF3098020E98D
:1003A000F00F114A12687346EFF30B84EFF31485D4
:1003B00020E93C0040F804ED1EF0040F02D080F369
:1003C000098801E080F3088800B501F0C1F85DF804
:1003D00004EB4EF0040E704730090020380900206D
:1003E0003409002004ED00E03C09002020ED00E08D
:1003F0000000FFFF08ED00E001DF704712B50C467A
:100400000FCC24E90F0001F0B3F8BDE812400860FA
:1004100070477047EFF308811EF0040F01D0EFF32F
:100420000981886910F8020C0028F2D00128E5D073
:10043000844641EA000313F0030349D1403A23D331
:100440000B6803604B6843608B688360CB68C36054
:100450000B6903614B6943618B698361CB69C3613C
:100460000B6A03624B6A43628B6A8362CB6AC36224
:100470000B6B03634B6B43638B6B8363CB6BC3630C
:1004800040304031403ADBD230320BD30B6803604E
:100490004B6843608B688360CB68C3601030103159
:1004A000103AF3D20C3205D351F8043B40F8043B28
:1004B000043AF9D2043208D0D2071CBF11F8013B2C
:1004C00000F8013B01D30B8803806046704700BFF2
:1004D000082A13D38B07B1D010F00303AED0C3F1B9
:1004E0000403D21ADB071CBF11F8013B00F8013BE3
:1004F000A4D331F8023B20F8023B9FE7043AD9D35A
:10050000013A11F8013B00F8013BF9D20B78037076
:100510004B7843708B7883706046704781F0004160
:1005200002E000BF83F0004330B54FEA41044FEAD8
:10053000430594EA050F08BF90EA020F1FBF54EA73
:10054000000C55EA020C7FEA645C7FEA655C00F00F
:10055000E2804FEA5454D4EB5555B8BF6D420CDDE0
:100560002C4480EA020281EA030382EA000083EA63
:10057000010180EA020281EA0303362D88BF30BD03
:1005800011F0004F4FEA01314FF4801C4CEA113159
:1005900002D0404261EB410113F0004F4FEA0333B8
:1005A0004CEA133302D0524263EB430394EA050F43
:1005B00000F0A780A4F10104D5F1200E0DDB02FAB2
:1005C0000EFC22FA05F2801841F1000103FA0EF246
:1005D000801843FA05F359410EE0A5F120050EF10C
:1005E000200E012A03FA0EFC28BF4CF0020C43FA3D
:1005F00005F3C01851EBE37101F0004507D54FF04A
:10060000000EDCF1000C7EEB00006EEB0101B1F599
:10061000801F1BD3B1F5001F0CD349085FEA3000DF
:100620004FEA3C0C04F101044FEA445212F5800FEA
:1006300080F09A80BCF1004F08BF5FEA500C50F187
:10064000000041EB045141EA050130BD5FEA4C0C6A
:10065000404141EB0101013C28BFB1F5801FE9D2C7
:1006600091F0000F04BF01460020B1FA81F308BFEA
:100670002033A3F10B03B3F120020CDA0C3208DDB6
:1006800002F1140CC2F10C0201FA0CF021FA02F191
:100690000CE002F11402D8BFC2F1200C01FA02F101
:1006A00020FA0CFCDCBF41EA0C019040E41AA2BF26
:1006B00001EB0451294330BD6FEA04041F3C1CDAEE
:1006C0000C340EDC04F11404C4F1200220FA04F00E
:1006D00001FA02F340EA030021FA04F345EA0301B8
:1006E00030BDC4F10C04C4F1200220FA02F001FA7A
:1006F00004F340EA0300294630BD21FA04F02946FC
:1007000030BD94F0000F83F4801306BF81F4801194
:100710000134013D4EE77FEA645C18BF7FEA655C07
:1007200029D094EA050F08BF90EA020F05D054EAD9
:10073000000C04BF1946104630BD91EA030F1EBFDE
:100740000021002030BD5FEA545C05D140004941E2
:1007500028BF41F0004130BD14F580043CBF01F5D5
:10076000801130BD01F0004545F0FE4141F47001BB
:100770004FF0000030BD7FEA645C1ABF1946104696
:100780007FEA655C1CBF0B46024650EA013406BF97
:1007900052EA033591EA030F41F4002130BD00BF56
:1007A00090F0000F04BF0021704730B54FF4806413
:1007B00004F132044FF000054FF0000150E700BF94
:1007C00090F0000F04BF0021704730B54FF48064F3
:1007D00004F1320410F0004548BF40424FF00001E0
:1007E0003EE700BF42004FEAE2014FEA31014FEA23
:1007F00002701FBF12F07F4393F07F4F81F0605172
:10080000704732F07F4208BF704793F07F4F04BFBC
:1008100041F40021704730B54FF4607401F0004599
:1008200021F000411CE700BF50EA010208BF7047F9
:1008300030B54FF000050AE050EA010208BF7047EA
:1008400030B511F0004502D5404261EB41014FF453
:10085000806404F132045FEA915C3FF4D8AE4FF05B
:1008600003025FEADC0C18BF03325FEADC0C18BF3E
:10087000033202EBDC02C2F1200300FA03FC20FA8F
:1008800002F001FA03FE40EA0E0021FA02F11444DC
:10089000BDE600BF70B54FF0FF0C4CF4E06C1CEAF5
:1008A00011541DBF1CEA135594EA0C0F95EA0C0F66
:1008B00000F0DEF82C4481EA030621EA4C5123EAD9
:1008C0004C5350EA013518BF52EA033541F4801108
:1008D00043F4801338D0A0FB02CE4FF00005E1FBBB
:1008E00002E506F00042E0FB03E54FF00006E1FB05
:1008F00003569CF0000F18BF4EF0010EA4F1FF0448
:10090000B6F5007F64F5407404D25FEA4E0E6D4187
:1009100046EB060642EAC62141EA55514FEAC52098
:1009200040EA5E504FEACE2EB4F1FD0C88BFBCF514
:10093000E06F1ED8BEF1004F08BF5FEA500E50F1C5
:10094000000041EB045170BD06F0004646EA01018B
:1009500040EA020081EA0301B4EB5C04C2BFD4EBBD
:100960000C0541EA045170BD41F480114FF0000EB6
:10097000013C00F3AB8014F1360FDEBF002001F024
:10098000004170BDC4F10004203C35DA0C341BDC9E
:1009900004F11404C4F1200500FA05F320FA04F070
:1009A00001FA05F240EA020001F0004221F00041A4
:1009B00010EBD37021FA04F642EB06015EEA430E17
:1009C00008BF20EAD37070BDC4F10C04C4F1200547
:1009D00000FA04F320FA05F001FA04F240EA0200FA
:1009E00001F0004110EBD37041F100015EEA430ECB
:1009F00008BF20EAD37070BDC4F1200500FA05F2EB
:100A00004EEA020E20FA04F301FA05F243EA020369
:100A100021FA04F001F0004121FA04F220EA020078
:100A200000EBD3705EEA430E08BF20EAD37070BDBE
:100A300094F0000F0FD101F00046400041EB01019E
:100A400011F4801F08BF013CF7D041EA060195F080
:100A5000000F18BF704703F00046520043EB03033A
:100A600013F4801F08BF013DF7D043EA0603704727
:100A700094EA0C0F0CEA135518BF95EA0C0F0CD032
:100A800050EA410618BF52EA4306D1D181EA030178
:100A900001F000414FF0000070BD50EA410606BF72
:100AA0001046194652EA430619D094EA0C0F02D1B7
:100AB00050EA013613D195EA0C0F05D152EA0336FC
:100AC0001CBF104619460AD181EA030101F000411A
:100AD00041F0FE4141F470014FF0000070BD41F063
:100AE000FE4141F4780170BD70B54FF0FF0C4CF43D
:100AF000E06C1CEA11541DBF1CEA135594EA0C0F5C
:100B000095EA0C0F00F0A7F8A4EB050481EA030EA8
:100B100052EA03354FEA013100F088804FEA03338F
:100B20004FF0805545EA131343EA12634FEA02225D
:100B300045EA111545EA10654FEA00260EF000411E
:100B40009D4208BF964244F1FD0404F5407402D270
:100B50005B084FEA3202B61A65EB03055B084FEA01
:100B600032024FF480104FF4002CB6EB020E75EBFE
:100B7000030E22BFB61A754640EA0C005B084FEA26
:100B80003202B6EB020E75EB030E22BFB61A7546A3
:100B900040EA5C005B084FEA3202B6EB020E75EBEE
:100BA000030E22BFB61A754640EA9C005B084FEA66
:100BB0003202B6EB020E75EB030E22BFB61A754673
:100BC00040EADC0055EA060E18D04FEA051545EA62
:100BD00016754FEA06164FEAC30343EA52734FEA0B
:100BE000C2025FEA1C1CC0D111F4801F0BD141EA84
:100BF00000014FF000004FF0004CB6E711F4801FE9
:100C000004BF01430020B4F1FD0C88BFBCF5E06FC8
:100C10003FF6AFAEB5EB030C04BFB6EB020C5FEAD8
:100C2000500C50F1000041EB045170BD0EF0004E2D
:100C30004EEA113114EB5C04C2BFD4EB0C0541EA5F
:100C4000045170BD41F480114FF0000E013C90E65C
:100C500045EA060E8DE60CEA135594EA0C0F08BF20
:100C600095EA0C0F3FF43BAF94EA0C0F0AD150EA1F
:100C700001347FF434AF95EA0C0F7FF425AF1046B2
:100C800019462CE795EA0C0F06D152EA03353FF4DA
:100C9000FDAE1046194622E750EA410618BF52EA57
:100CA00043067FF4C5AE50EA41047FF40DAF52EA2B
:100CB00043057FF4EBAE12E74FF0FF3C06E000BFC8
:100CC0004FF0010C02E000BF4FF0010C4DF804CDD5
:100CD0004FEA410C7FEA6C5C4FEA430C18BF7FEA95
:100CE0006C5C1BD001B050EA410C0CBF52EA430CC3
:100CF00091EA030F02BF90EA020F0020704710F143
:100D0000000F91EA030F58BF994208BF90422CBFD1
:100D1000D8176FEAE37040F0010070474FEA410CCA
:100D20007FEA6C5C02D150EA013C07D14FEA430CE8
:100D30007FEA6C5CD6D152EA033CD3D05DF8040B59
:100D4000704700BF8446104662468C46194663468B
:100D500000E000BF01B5FFF7B7FF002848BF10F162
:100D6000000F01BD4DF808EDFFF7F4FF0CBF0120A7
:100D700000205DF808FB00BF4DF808EDFFF7EAFF23
:100D800034BF012000205DF808FB00BF4DF808EDDE
:100D9000FFF7E0FF94BF012000205DF808FB00BFD3
:100DA0004DF808EDFFF7CEFF94BF012000205DF85D
:100DB00008FB00BF4DF808EDFFF7C4FF34BF01206A
:100DC00000205DF808FB00BF4FEA410C7FEA6C5C35
:100DD00002D150EA013C0AD14FEA430C7FEA6C5C35
:100DE00002D152EA033C02D14FF0000070474FF0AD
:100DF000010070474FEA410212F5001215D211D5D9
:100E00006FF47873B3EB625212D94FEAC12343F007
:100E1000004343EA505311F0004F23FA02F018BF89
:100E2000404270474FF00000704750EA013005D152
:100E300011F0004008BF6FF0004070474FF0000015
:100E4000704700BF53B94AB9002908BF00281CBF2A
:100E50004FF0FF314FF0FF3000F00CB8ADF1080C4F
:100E60006DE904CE0DF088FFDDF804E0DDE9022332
:100E700004B07047704700BF0348044B834202D060
:100E8000034B03B1184770471009002010090020D8
:100E900000000000064B0749C91A891048BF0131FC
:100EA000491003D0044B0BB101481847704700BFED
:100EB00010090020100900200000000010B5064CA9
:100EC000237843B9FFF7D8FF044B13B10448AFF3BD
:100ED00000800123237010BD1009002000000000D5
:100EE000C4F0000808B5054B1BB105490548AFF330
:100EF0000080BDE80840FFF7CDBF00BF0000000044
:100F000014090020C4F0000808B50F2006F0D8FE30
:100F100008BD08B5102006F0D3FE08BD08B51120A5
:100F200006F0CEFE08BD08B5122006F0C9FE08BDC9
:100F300008B5132006F0C4FE08BD08B5142006F05D
:100F4000BFFE08BD08B5152006F0BAFE08BD08B5FD
:100F5000162006F0B5FE08BD08B5172006F0B0FE55
:100F600008BD08B5182006F0ABFE08BD08B519206D
:100F700006F0A6FE08BD08B51A2006F0A1FE08BDC1
:100F800008B51B2006F09CFE08BD08B51C2006F025
:100F900097FE08BD08B51D2006F092FE08BD08B5F5
:100FA0001E2006F08DFE08BD08B51F2006F088FE45
:100FB00008BD08B5202006F083FE08BD08B5212035
:100FC00006F07EFE08BD08B5222006F079FE08BDB9
:100FD00008B5232006F074FE08BD08B5242006F0ED
:100FE0006FFE08BD08B5252006F06AFE08BD08B5ED
:100FF000262006F065FE08BD08B5272006F060FE35
:1010000008BD08B5282006F05BFE08BD08B52920FC
:1010100006F056FE08BD08B52A2006F051FE08BDB0
:1010200008B52B2006F04CFE08BD08B52C2006F0B4
:1010300047FE08BD08B52D2006F042FE08BD08B5E4
:101040002E2006F03DFE08BD08B52F2006F038FE24
:1010500008BD08B5302006F033FE08BD08B53120C4
:1010600006F02EFE08BD08B5322006F029FE08BDA8
:1010700008B5342006F024FE08BD08B5352006F07A
:101080001FFE08BD08B5362006F01AFE08BD08B5DB
:10109000372006F015FE08BD08B5382006F010FE12
:1010A00008BD08B5392006F00BFE08BD08B53A208A
:1010B00006F006FE08BD08B53B2006F001FE08BD9F
:1010C00008B53C2006F0FCFD08BD08B53D2006F043
:1010D000F7FD08BD08B53E2006F0F2FD08BD08B5D5
:1010E0003F2006F0EDFD08BD08B5402006F0E8FD04
:1010F00008BD08B5412006F0E3FD08BD08B5422053
:1011000006F0DEFD08BD08B5432006F0D9FD08BD98
:1011100008B5442006F0D4FD08BD08B5452006F00A
:10112000CFFD08BD08B5462006F0CAFD08BD08B5CC
:10113000472006F0C5FD08BD08B5482006F0C0FDF3
:1011400008BD08B5492006F0BBFD08BD08B54A201A
:1011500006F0B6FD08BD08B54B2006F0B1FD08BD90
:1011600008B54C2006F0ACFD08BD08B54D2006F0D2
:10117000A7FD08BD08B54E2006F0A2FD08BD08B5C4
:101180004F2006F09DFD08BD08B5502006F098FDE3
:1011900008BD08B5512006F093FD08BD08B55220E2
:1011A00006F08EFD08BD08B5532006F089FD08BD88
:1011B00008B5542006F084FD08BD08B5552006F09A
:1011C0007FFD08BD08B5562006F07AFD08BD08B5BC
:1011D000572006F075FD08BD08B5582006F070FDD3
:1011E00008BD08B5592006F06BFD08BD08B55A20AA
:1011F00006F066FD08BD08B55B2006F061FD08BD80
:1012000008B55C2006F05CFD08BD08B55D2006F061
:1012100057FD08BD08B55E2006F052FD08BD08B5B3
:101220005F2006F04DFD08BD08B5602006F048FDC2
:1012300008BD08B5612006F043FD08BD08B5622071
:1012400006F03EFD08BD08B5632006F039FD08BD77
:1012500008B5642006F034FD08BD08B5652006F029
:101260002FFD08BD08B5662006F02AFD08BD08B5AB
:10127000672006F025FD08BD08B5682006F020FDB2
:1012800008BD08B5692006F01BFD08BD08B56A2039
:1012900006F016FD08BD08B56B2006F011FD08BD6F
:1012A00008B56C2006F00CFD08BD08B56D2006F0F1
:1012B00007FD08BD08B56E2006F002FD08BD08B5A3
:1012C0006F2006F0FDFC08BD08B5702006F0F8FCA4
:1012D00008BD08B5712006F0F3FC08BD08B5722002
:1012E00006F0EEFC08BD08B5732006F0E9FC08BD69
:1012F00008B5742006F0E4FC08BD08B5752006F0BA
:10130000DFFC08BD08B5762006F0DAFC08BD08B59C
:10131000772006F0D5FC08BD08B5782006F0D0FC93
:1013200008BD08B5792006F0CBFC08BD08B57A20C9
:1013300006F0C6FC08BD08B57B2006F0C1FC08BD60
:1013400008B57C2006F0BCFC08BD08B57D2006F081
:10135000B7FC08BD08B57E2006F0B2FC08BD08B594
:101360007F2006F0ADFC08BD08B5802006F0A8FC83
:1013700008BD08B5812006F0A3FC08BD08B584208F
:1013800006F09EFC08BD08B5862006F099FC08BD55
:1013900008B5872006F094FC08BD08B5882006F043
:1013A0008FFC08BD08B5892006F08AFC08BD08B589
:1013B0008A2006F085FC08BD08B58B2006F080FC6D
:1013C00008BD08B58C2006F07BFC08BD08B58D2053
:1013D00006F076FC08BD08B58E2006F071FC08BD4D
:1013E00008B58F2006F06CFC08BD08B5902006F00B
:1013F00067FC08BD08B5912006F062FC08BD08B581
:1014000006F0C6FB06F0C8FB07F04CFA06F036FC07
:10141000FEE7FEE708B5FFF7FCFF08BD08B5FFF7DC
:10142000F8FF08BD08B5FFF7F4FF08BD08B5FFF7E2
:10143000F0FF08BD08B5FFF7ECFF08BD08B5FFF7E2
:10144000E8FF08BD08B506F0A3FB08BD10B42249AB
:10145000D1F8883043F47003C1F888301F4B012263
:101460001A600022DA611A621C681D482040186068
:101470009A62DA621A631B4858639A63D8631A64E3
:1014800058649A64186820F4802018601A654FF038
:1014900000638B60144B9B6903F06043B3F1604FB2
:1014A00002D0B3F1404F13D10F4BDB6913F0010FA2
:1014B00005D00D4B0D4ADA6002F14432DA600A4B76
:1014C000DA6942F00202DA61DA6942F00102DA61B5
:1014D0005DF8044B704700BF00ED00E0000C0244D3
:1014E000E3EAE2EA80020101002002403B2A1908F7
:1014F00030B40546043222F0070CACF15000002253
:1015000003E0124C40F822400132132AF9D94CF87A
:10151000201C00224CF81C2C4CF8182C4CF8142CD5
:101520004CF8102C4CF80C3C4CF8085C4FF08073D5
:101530004CF8043C4CF8502C6FF002034CF84C3C37
:101540004CF8482C4CF8442C30BC7047EFBEADDE54
:1015500008B5044B1B6813B13430984700B1FEE75F
:1015600008BD00BF2C09002000207047704770475D
:1015700008B541F20202904205D041F203029042C6
:1015800009D000200AE00846FFF7EEFF002805DD3D
:10159000034A106002E00020014B186008BD00BF44
:1015A0003C09002070B582B0044615460698079A9B
:1015B000099E04F11401A161616125626362A06268
:1015C000E262232100F0B2FCA16AE36A1A1F114B08
:1015D0000A44616A206AFFF78BFFE0619DF82030C2
:1015E00084F835300025A563E56384F840506664CF
:1015F000A664256384F83450A567E56701950095D6
:101600002346054A214604F14C0000F0DEF9284645
:1016100002B070BD951600081D16000838B50446C6
:10162000FEF716FE05466FF00103236304F1140371
:101630006169A2694A6061691160A36163612046C2
:1016400001F000F92846FEF707FE01F07DF938BDEC
:10165000F0B585B005460C4616461F460A460121E0
:1016600000F0E6FA0D9B03939DF8303002930B9B3C
:1016700001930A9B00933B46324621462846FFF7DA
:1016800091FF05B0F0BD0000014B1868704700BF26
:101690008009002038B5FFF7F7FF0446FEF7D8FDB4
:1016A0000546204601F016F904F14C0000F0A1F9BE
:1016B000042384F83430204601F0EAF92846FEF786
:1016C000CBFD01F041F938BD38B590F8343003F066
:1016D0000703042B11D004468BB9FEF7B9FD05466C
:1016E00004F14C0000F085F9042384F834302046DE
:1016F00001F0CEF92846FEF7AFFD002038BD01F01D
:10170000E9F8EAE72DE9F04385B004460F46904634
:101710001D460146012000F0C6FA064688B128465B
:1017200000F0EEFD814680B10D9B03939DF83030B3
:1017300002930195009043463A4621463046FFF712
:1017400031FF304605B0BDE8F083304600F0D1FAF5
:101750004E46F6E738B590F8343003F00703042B13
:1017600011D004468BB9FEF773FD054604F14C0019
:1017700000F03FF9042384F83430204601F088F962
:101780002846FEF769FD002038BD01F0A3F8EAE71E
:1017900038B5044690F8343003F00703012B01D02C
:1017A000032B16D1FEF754FD0546204601F092F8B2
:1017B00094F8343023F0070343F0020384F8343004
:1017C00004F14C0000F07AF92846FEF745FD0020B0
:1017D00038BD4FF0FF30FBE738B590F8343003F0F8
:1017E0000703022B18D10446FEF732FD054604F12B
:1017F00014036169A2694A6061691160A361636150
:1018000004F14C0000F05AF9204601F01BF828467C
:10181000FEF722FD002038BD4FF0FF30FBE708B592
:1018200090F8351001228A408263022280F8342029
:10183000FFF7D2FFFFF728FF08B101F085F800207D
:1018400008BD70B5044601292BD01546022902D0E7
:1018500019B3002412E0FEF7FBFC064694F834307E
:1018600003F00703012B0BD02A7884F835200123DD
:101870009340A3633046FEF7EFFC0024204670BD82
:10188000204601F027F82A7884F835200123934078
:10189000A363204600F0D6FFECE7FFF7C0FF044645
:1018A000ECE700F03BFA012806D02046FFF752FF94
:1018B000044601F049F8E1E72046FFF705FF04463A
:1018C000F7E7002070470020704700207047002095
:1018D0007047000010B5044C02E054F8043B9847F0
:1018E000024B9C42F9D310BD8CF8000890F8000818
:1018F00010B5044C02E054F8043B9847024B9C425C
:10190000F9D310BD90F8000894F8000808B5FFF767
:10191000EFFF06F031FA08BD00B583B01423019340
:101920000A2300934FF48063002204490448FFF720
:10193000E9FEFFF774FF03B05DF804FB0D19000822
:10194000F8F0000808B5FEF783FC01F039F900F063
:1019500035FB00F04DF900F05DFFFFF7DDFF00F013
:1019600053F901F0DBF800F0D9FF002008BD9DF825
:1019700000C080F809C02CF0010C80F809C0C161DA
:1019800002620022826243621346002B00DD704730
:101990009A1C00EBC202111D916051600133F4E703
:1019A0000022002A00DD704730B4931C00EBC30313
:1019B000191D9C685D686C605D6825609960596060
:1019C0000132002AF1DD30BC704770B582B00446A8
:1019D00015461E460A460A2100F02AF99DF81C30D9
:1019E0000093069B324629462046FFF7C0FF02B00F
:1019F00070BD38B50446FEF72BFC05462046FFF7C0
:101A0000CFFF637A23F0010363722846FEF724FCBC
:101A1000204600F036F9002038BD000070B582B0D5
:101A20000446FEF715FC05462046FFF7B9FF637A2A
:101A300023F00103637200F0A5FD636AC618A66275
:101A40001C4B01930022DAB11B4A13680133136067
:101A5000019B04F1140219684A60196861611A60F7
:101A6000A361637A43F0010363722846FEF7F4FB37
:101A7000002002B070BD02AB03EB820343F8041CEC
:101A800002AB03EB820353F8040CD300094901EBCA
:101A9000C201496888420AD001681433CB1A9B6A94
:101AA0009E42E8D09B1B6FF000408342E3D201329C
:101AB000C9E700BF440900204009002038B5437A37
:101AC00013F0010F0FD00446FEF7C2FB0546204677
:101AD000FFF766FF637A23F0010363722846FEF77F
:101AE000BBFB002038BD4FF0FF30FBE770B505466B
:101AF0000C461646FEF7ACFB052C06D8DFE804F0D2
:101B000009030C1116206B6A3360FEF7A5FB002059
:101B100070BD33686B62F8E76B7A23F002036B7277
:101B2000F3E76B7A43F002036B72EEE76B7A13F024
:101B3000010F02D001233360E7E700233360E4E7BD
:101B4000AB6A3360E1E700002DE9F04182B0CDF8E7
:101B500004D0CDF800D000F015FD0546FEF778FB67
:101B60008046224B1C689C423AD0A4F1140763695A
:101B7000EB1A6FF00042934232D23846FFF710FF63
:101B800014F80B3C13F0020F03D123F0010304F807
:101B90000B3C009B5C60236000946E46C4F804D04C
:101BA000A368E068984700F0EDFC0546009BB3424F
:101BB000D7D022686368536022681A60646024602A
:101BC00014F80B3C13F0020FCBD013F0010FC8D068
:101BD00023F0010304F80B3C3846FFF71FFFC0E772
:101BE0004046FEF739FB02B0BDE8F0814409002011
:101BF000002202B17047034B03EBC2035B601B6022
:101C00000132F6E744090020704700000023072B4B
:101C100009DC1A0105498A5C824201D00133F6E7EA
:101C200001EB031070470020704700BF0400002044
:101C30002DE9F04106460F4690460846FFF7E6FFBD
:101C4000054600F0FBFE6B6800E01B682C1D9C4203
:101C5000FBD100F0FFFE67F07F0737720822414694
:101C6000304600F095F9FEF7F3FA06F10C036A68C6
:101C700053606A68F2606B603461FEF7EDFABDE8AC
:101C8000F08110B5044600230372FEF7E1FA04F177
:101C90000C03E16822694A60E16811602361E36036
:101CA000FEF7DAFA10BDF8B507460E46FFF7AEFFAD
:101CB0000446C06800F024FB0546C0B1E26800217C
:101CC00000F034F92F7200236B7208223146284647
:101CD00000F05EF9FEF7BCFA221D05F10C03616805
:101CE0004B606168E96063602A61FEF7B5FA2846D7
:101CF000F8BD10B5044600230372FEF7A9FA04F1FB
:101D00000C03E16822694A60E16811602361E360C5
:101D1000FEF7A2FA204600F005FB10BD90F908304E
:101D2000002B01DB002070470120704708B5FEF74B
:101D30008FFA044A13780133DBB21370FEF78CFA82
:101D400008BD00BF4C09002008B5FEF781FA044A1F
:101D50001378013BDBB21370FEF77EFA08BD00BFBB
:101D60004C0900200146002008E000EB8000531CD5
:101D70000B60137803EB4003A3F130000A6813787B
:101D8000303B092BF1D970472DE9F04784B09946D3
:101D90000D9C0E9D15F0400F14D0DFF858A115F0E2
:101DA000100F12D025F00105202615F0020F16D0D5
:101DB000002A11DB15F0040F29D115F0080F28D1E6
:101DC00000270DE0DFF830A1E9E715F0010F01D0A1
:101DD0003026EAE72026E8E752422D2700E00027D8
:101DE000AABB30238DF800304FF0010CA44531DC44
:101DF00022460C9BA3EB020E15F0110F37D127B131
:101E0000BEF1000F01DD0EF1FF3E734626E02B27E9
:101E1000E6E72027E4E7364BA3FB023E4FEADE0E5F
:101E20000EEB8E08A2EB480872461AF808E00CF197
:101E300010036B4403F810EC0CF1010C002AD5D010
:101E4000B9F10A0FE7D002F00F081209EDE74FF0E1
:101E5000000CF3E76246CCE70130734603F1FF3E26
:101E6000002B04DD8842F7D220230370F4E72FB162
:101E7000884200D207700EF1FF3E013015F0100FBE
:101E800003D073460CE001309E460EF1FF33BEF1E5
:101E9000000F05DD8842F6D20670F4E70130724685
:101EA00002F1FF3E624506DD8842F7D23022027021
:101EB000F4E7013094460CF1FF32BCF1000F0BDD6A
:101EC00054B18842F5D202F110056D4415F8105C4A
:101ED0000570EEE7013013465A1E002B04DD8842E0
:101EE000F8D220230370F5E704B0BDE8F08700BF07
:101EF000CDCCCCCC04F50008F0F4000808B5FFF711
:101F0000C3FB28B14FF0FF31024800F0AAFB08BD27
:101F10000020FCE75409002008B5FFF7B5FB10B11D
:101F2000014800F008FC08BD54090020032A23D909
:101F300010B4CCB210F0030F20D144EA042444EAD8
:101F40000444034605E01C605C609C60DC60103A61
:101F500010330F2AF7D802E043F8044B043A032A5F
:101F6000FAD802E003F8011B624602F1FF3C002AA6
:101F7000F8D15DF8044B7047034604E00346F4E7EC
:101F800003F8011B624602F1FF3C002AF8D17047BA
:101F90009AB110B5944603468E460C7801311C70F8
:101FA000013334B1BCF1010CF6D105E0002203F895
:101FB000012BBCF1010CF9D110BD70477047000036
:101FC0002DE9F04387B007468846059204934618EA
:101FD00003D36FEA00084FF0FF363D4603E00135BA
:101FE000059B01330593059B1B78002B00F048816E
:101FF000252B03D0B542F2D22B70F0E7002401E08C
:1020000044F01004059A531C059353782D2BF7D0F8
:102010002B2B08D0202B09D0232B0AD0302B0BD10F
:1020200044F00104EEE744F00404EBE744F0080454
:10203000E8E744F02004E5E7A3F13001092911D9CC
:102040002A2B14D04FF0FF39059B1A782E2A1DD069
:102050004FF0FF30059B1A78682A30D06C2A2ED0BA
:1020600000222EE005A8FFF77DFE8146ECE7023254
:102070000592049B1A1D0492D3F80090B9F1000F49
:10208000E2DAC9F1000944F01004DDE75A1C0592B8
:102090005A78A2F13001092903D92A2A08D0002050
:1020A000D8E705A8FFF75EFE0028D3DA0020D1E7C5
:1020B00002330593049B1A1D04921868F4E7013358
:1020C0000593059B1B78252B00F09580C0F0B4800C
:1020D000782B00F2B180582BC0F0AE80583B202BFB
:1020E00000F2AA80DFE803F08FA8A8A8A8A8A8A8F3
:1020F000A8A8A81193A8A8A8A893A8A8A8A8A88D3C
:1021000070A8A834A8B9A8A8BB0014F0100F09D073
:10211000049B1A1D04921B78B54200D22B70013526
:102120000BE0013509F1FF39B9F1000FF0DDB542DF
:10213000F7D220232B70F4E7013509F1FF39B9F10B
:10214000000F7FF74DAFB542F6D220232B70F3E797
:10215000049B1A1D04921A680AB1002302E04F4A38
:10216000FBE701334B4502D0D15C0029F9D10028AF
:1021700002DD834200DD034614F0100F03D000217E
:102180000FE00135894609F1FF314B4504DAB542CC
:10219000F7D220202870F4E78946F0E701350132B4
:1021A0000131994206DAB542F8D210782870F5E785
:1021B0000135914609F1FF324B45BFF611AFB542EB
:1021C000F6D220212970F3E7B9F1FF3F0ED0049B2E
:1021D0001A1D04921A6802940190CDF80090102301
:1021E00031462846FFF7D0FD0546F9E644F00104E4
:1021F0004FF00809EBE7B54201D225232B700135DA
:10220000EEE6082306E044F04004102302E044F028
:1022100002040A236C2A24D0682A27D0049A111DAC
:102220000491126802940190CDF80090314628463E
:10223000FFF7AAFD0546D3E6B54201D225232B7050
:10224000691C059B1A7822B1B14200D26A7002352E
:10225000C6E6013B05930D46C2E60A23DAE71023E2
:10226000D8E7049A111D04911268DBE7049A111D46
:10227000049111688AB214F0020FD3D00AB2D1E7E8
:10228000B8F1000F02D0B54204D22B70E81B07B0A2
:10229000BDE8F083002306F8013CF7E700F10008F1
:1022A00008B513460A464FF0FF31FFF789FE08BD17
:1022B0000EB400B582B003AA52F8041B0192FFF7D6
:1022C000EFFF02B05DF804EB03B0704710B5C31C1C
:1022D00023F0030321F00302064CD21A01462046E4
:1022E00000F086F8044B186001222146034800F0F4
:1022F000A5F910BD08F1000850090020540900207C
:1023000038B50446FFF7FAFD05462146044B186828
:1023100000F0B0F804462846FFF7FEFD204638BD21
:102320005009002058B138B50546FFF7E7FD0446CF
:10233000284600F00BF92046FFF7EEFD38BD704748
:10234000E8B110F0FF020AD110F47F4F0BD110F466
:102350007F0F0ED1030E0A4AD05C19307047084B2C
:10236000985C01307047C0F30723054AD05C093000
:102370007047C0F30743024AD05C11307047704782
:1023800018F5000810B4826A4B6802EB030C614533
:1023900012D0D45814F0010F0ED1C46A64450BD08A
:1023A000046B64451FD00024D450DCF804304B602B
:1023B000826A13448A1A9A60846A8A68A3189942C6
:1023C0000ED0A25812F0010F0AD1026B8A420CD033
:1023D00000220A604A685A60816A0A445B1A936064
:1023E0005DF8044B70470163DDE70363F0E700002D
:1023F000F8B5CC1C114421F00301182934D9064644
:1024000024F0030404F138031F46A1F118029A4294
:102410002CD3C91AA1F11805382200212046FFF754
:1024200085FD32460C212046FFF702FC104B63610C
:10243000A761E5616563A7623C60636B0C337B60F9
:102440000022BA60A26AD118E16244F00101D150C1
:10245000636BE26A0C335360636BE26A0C33936024
:10246000A36A23632046F8BD0020FCE70020FAE7BA
:1024700010F10008002965D030B50B46033323F076
:10248000030EBEF10B0F01D84FF00C0E416B7145DE
:102490005AD3026B856A531B17E0026AE41A22447E
:1024A0000262436A9A4241D942623FE0826A5B68B3
:1024B0001A440263036B1A6812F0010F3DD0C26A1E
:1024C0009342F3D139E0DCF80430A1EB0E029A42DA
:1024D00036D305EB030CEA5812F0010FF3D1DCF808
:1024E0000440E21A0C3A7245EDD30EF118018A420B
:1024F000D3D30EEB03020C32A91820F00104AC5028
:10250000DCF804404C608B60CCF804204968436BD5
:102510000C33994202D0836A0B449A60036A734475
:102520000C330362426A934200D9436240F00103D4
:10253000CCF80030036B6345BCD00CF10C0000E01C
:10254000002030BD002070470020FAE7C0B108B578
:102550000246A0F10C0150F80C0C20F0010042F8EA
:102560000C0C036B8B4200D90163836ACB1A52F8BF
:10257000082C9B1A026A13440362FFF703FF08BD8D
:1025800070470000014B1868704700BF78090020B1
:1025900010B5FDF75DFE04460E4A13680133136063
:1025A000FFF772F8836C013B83647BB9436C8364EF
:1025B00090F8343043F0080380F834302046FDF7BB
:1025C0004BFE00F0C1F9FFF7BFFA10BD2046FDF742
:1025D00043FEF8E77809002070B506460C4615461C
:1025E0000846FFF7D5F865B1012D12D13368B34223
:1025F00019D094F8351093F8212091420BD31B6821
:10260000F5E704F11403726813607268A2617360E5
:102610006661002070BD04F1140259680A605968AF
:10262000A1615A606361B342F3D104F1140372688B
:1026300013607268A26173606661EAE710B50446D0
:102640000A460321FFF7F4FA04F11403A36163615E
:102650000123A38300202062FF22A277E077637228
:1026600010BD70B582B004460191FFF70DF8054624
:10267000FDF7EEFD064600232B63206AA84212D028
:10268000A38B13B3013BA383256295F83530A37761
:10269000E37FFF2B13D00133E3773046FDF7DCFDFA
:1026A000002002B070BDE37FFF2B02D00133E3773F
:1026B000F3E73046FDF7D0FD6FF00200F1E730465A
:1026C000FDF7CAFD6FF00200EBE7019BD3B195F86F
:1026D000352090F835309A421CD3627A294604F1AD
:1026E0001400FFF779FF019B002B19DC3046FDF742
:1026F000B3FD00F029F9286B0028D2D1FDF7A8FD21
:102700000646CAE76FF001042C633046FDF7A4FDCE
:102710002046C6E705F135020221FFF792F8DCE713
:1027200005F14C0401AA00212046FFF7DFF92046FD
:10273000FFF774F9DAE770B50446FEF7A5FF054622
:10274000FDF786FD0646206AA84224D1E37F013BBF
:10275000DBB2E377002B44D1A27F90F835309A4268
:1027600020D104F114036269934227D0A2F114002E
:10277000206292F82130A377E37FFF2B18D001333A
:10278000E377FFF729F801243046FDF765FD012CBA
:1027900029D0204670BD4FF0FF342C633046FDF742
:1027A0005BFDF6E704F11E020221FFF74AF8D8E7C5
:1027B0003046FDF751FD6FF00204EAE7A38B4FF6B8
:1027C000FF72934207D00133A38300232362FF22C9
:1027D000A2771C46D8E73046FDF73EFD6FF00204B5
:1027E000D7E70024D0E700F0AFF80024D1E70000DD
:1027F00010B50446054B1868FFF7A2FD431E044AB6
:1028000052F833002360143810BD00BF880900203F
:102810008C0900200023084A138006E0074901EBD9
:10282000C302526041F8332001331F2BF6DD044B05
:1028300000221A60704700BF840900208C09002024
:102840008809002070B50446FDF702FD1E4B1B6889
:10285000A3421FD094F8342022F0070343F0010371
:1028600084F8343012F0080F1DD094F83520174B3F
:1028700003EBC20304F1140259680A605968A161AC
:102880005A606361A16B124A13680B431360FDF732
:10289000E3FC70BD94F8343023F0070343F00303E6
:1028A00084F83430F3E794F83520084B03EBC20585
:1028B00004F1140153F83260716053F832606661BC
:1028C00043F83210A561DDE7800900208C09002063
:1028D0008809002010B50446FDF7BAFC04F1140382
:1028E0006169A2694A6061691160A361636194F8DA
:1028F0003520084B03EBC20153F83230994202D025
:10290000FDF7AAFC10BDA16B034A136823EA01037B
:102910001360F5E78C0900208809002010B582B00B
:1029200001A8FFF765FF0446064B1860FFF7D2FFCA
:10293000032384F8343004F11C00FDF700FD02B0DD
:1029400010BD00BF8009002070B582B0FDF780FC8B
:102950000446354BB3F9003013B9344B1B6823B927
:102960002046FDF779FC02B070BD01A8FFF740FFDB
:1029700005462F4B1E6896F8343003F00702032AF1
:102980001ED00022AE4240D09DF80410294B197091
:10299000274B1D605ABB2846FFF79CFF95F8343043
:1029A00023F0070343F0030385F83430224B1B78F0
:1029B0000BB305F11C0106F11C00FDF750FCCFE73D
:1029C00096F83510019A914207D301D0012206E012
:1029D00013F0080F08D0012201E03546002223F051
:1029E000080386F83430CDE735460022F7E7304655
:1029F000FFF728FFCFE705F11C0106F11C00FDF7EA
:102A00002EFC2046FDF728FCADE73046FFF762FFBD
:102A1000074B1A6892F8343023F0070343F003039E
:102A200082F834309CE700BF840900208809002028
:102A3000800900207C0900204C09002008B5FDF722
:102A400007FC034A138801331380FDF705FC08BD1A
:102A50008409002008B5FDF7FBFB0B4A1388013BF6
:102A60001BB21380002B02DDFDF7F6FB08BD1346F9
:102A700000221A80FDF7F0FB044B1B68002BF5D0F9
:102A8000FFF762FFF2E700BF840900208009002001
:102A900000F11402034B19684A6041611A608361B6
:102AA000704700BF8400002038B50A4B1C689C4268
:102AB0000ED02546FDF7CCFB55F81429636853600A
:102AC00022681A6064602460FDF7C6FB284638BDA2
:102AD0000025FBE78400002070B504E02846FFF7DE
:102AE000D0F80AE074B1FFF7DFFF90B10546866FBA
:102AF000FFF714F904460128F0D0002EF2D0284642
:102B0000B047EFE7A86AFFF70DFC2846FFF7F1F89A
:102B1000E9E770BD08B5FFF7DFFFFCE770B586B0E9
:102B200000240CB106B070BD04AE22460E493046FA
:102B3000FFF7BEFB0D4D05EBC4150D4B03EB042356
:102B4000202203921F2202924FF48072019200937E
:102B50000023084A31462846FEF77AFD2846FEF74C
:102B60005EFE0134DDE700BF18F100088C0B002089
:102B70008C0A0020152B0008034B1B6813B9024B6D
:102B800001221A6001487047100C002010720020CA
:102B9000004870471022052008B5FFF7C7F8FFF777
:102BA000F7FCFFF7D1F808BD044B1B6803B1704771
:102BB0000028FCD0014B1860F9E700BF0C0C002086
:102BC00010B5084B1B6803B19847FEF783FEFFF76B
:102BD000D3FF0446FFF7DCFF01462046FFF776FBF4
:102BE00010BD00BF0C0C00207047000038B5274B0B
:102BF0001A78002A47D005464FF0E0231C6914F0EC
:102C000004040DD0224B1C684FF47A71B1FBF2F230
:102C1000B4FBF2F4204604F053FA50B3012033E041
:102C200004F09CFA01280ED0022817D00028F1D118
:102C3000174B1C68154A11784FF4FA52B2FBF1F2A7
:102C4000B4FBF2F4E6E7114B1B784FF47A72B2FB57
:102C5000F3F24FF4FA43B3FBF2F4DBE70B4B1B78D0
:102C60004FF47A72B2FBF3F24FF40043B3FBF2F489
:102C7000D0E7002229464FF0FF3004F011FA054B4F
:102C80001D60002000E0012038BD00BF8C00002046
:102C9000000000209000002010B5032004F0EEF9A1
:102CA00000F030F80B4B1B6A03F00F030A4AD35CA9
:102CB000D8400A4B1860042004F012FA0F20FFF7E6
:102CC00095FF10B10124204610BD0446FFF78CFF8C
:102CD000F9E700BF000C0244E8F000080000002003
:102CE000034B1B78034A11680B441360704700BF05
:102CF0008C000020140C0020014B1868704700BFA6
:102D0000140C00206D4BDB6903F01803082B00F056
:102D1000CE806A4BDB6913F0180F0CD1674B1B6830
:102D200013F0200F00F0C580644B1B68C3F3C10390
:102D30006348D8407047614BDB6903F01803102BE0
:102D400000F0B9805D4BDB6903F01803182B01D04C
:102D50005B48704710B4594B996A01F003019C6AB3
:102D6000C4F305209A6AC2F300129B6BC3F3CC0331
:102D700002FB03F307EE903AF8EE677A14F47C5FF7
:102D800000F0928001291ED0032962D007EE100ABC
:102D9000F8EE476A9FED4B6A86EE267A474B5B6BEF
:102DA000C3F3080306EE903AF8EE666A9FED466AB2
:102DB00067EE867A76EEA77AF7EE006A77EEA67A65
:102DC00027EE277A61E03D4B1B6813F0200F23D0DC
:102DD0003A490A68C2F3C102394BD34007EE103AB0
:102DE000F8EE476A07EE100AB8EE476A86EE867A72
:102DF0004B6BC3F3080306EE903AF8EE666A9FED5C
:102E0000326A67EE867A76EEA77AF7EE006A77EE98
:102E1000A67A27EE277A38E007EE100AF8EE476A1E
:102E20009FED2A6A86EE267A244B5B6BC3F3080378
:102E300006EE903AF8EE666A9FED236A67EE867AB0
:102E400076EEA77AF7EE006A77EEA67A27EE277A73
:102E50001BE007EE100AF8EE476A9FED1D6A86EE4A
:102E6000267A164B5B6BC3F3080306EE903AF8EE36
:102E7000666A9FED156A67EE867A76EEA77AF7EEB8
:102E8000006A77EEA67A27EE277A0C4B5B6BC3F3CA
:102E90004623013307EE903AF8EE677AC7EE276AC9
:102EA000FCEEE67A17EE900A5DF8044B704709488D
:102EB0007047034870470848704700BF000C024441
:102EC0000090D0030024744A000000390024744CA0
:102ED00020BCBE4B00093D0040787D01002800F079
:102EE000378170B50D4604469D4B1B6803F00F03F8
:102EF0008B420BD29A4A136823F00F030B431360E3
:102F0000136803F00F038B4240F02481236813F011
:102F1000100F0ED06269934B1B6A1B0A03F07003FB
:102F20009A4206D98F490B6A23F4E04343EA02230D
:102F30000B62236813F0080F0ED02269894B1B6ABD
:102F40001B0903F070039A4206D986490B6A23F4E1
:102F5000E06343EA02130B62236813F0040F0CD002
:102F6000E268804B1B6A03F070039A4205D97D49E1
:102F70000B6A23F070031A430A62236813F0020FEE
:102F80000CD0A268774B1B6A03F00F039A4205D955
:102F900074490B6A23F00F031A430A62236813F083
:102FA000010F6CD06368032B0AD0022B2CD0012BAD
:102FB00031D06C4A126812F0020F07D10120C6E02E
:102FC000684A126812F0007F00F0C6806549CA693D
:102FD00022F003021343CB61FFF78EFE06466368BF
:102FE000032B1FD0022B2CD0012B39D05D4BDB697A
:102FF00013F0180F43D0FFF77FFE801B41F2883398
:103000009842F3D90320A2E0564A126812F4003F16
:10301000DCD101209BE0534A126812F4007FD5D125
:10302000012094E04F4BDB6903F01803182B26D0E6
:10303000FFF762FE831B41F288329342F2D90320EC
:1030400085E0484BDB6903F01803102B17D0FFF71E
:1030500053FE801B41F288339842F2D9032076E078
:10306000404BDB6903F01803082B08D0FFF744FE40
:10307000801B41F288339842F2D9032067E023682D
:1030800013F0020F0CD0A268364B1B6A03F00F033B
:103090009A4205D233490B6A23F00F031A430A629E
:1030A0002F4B1B6803F00F03AB420AD92C4A13685D
:1030B00023F00F032B431360136803F00F03AB429D
:1030C0004CD1236813F0040F0CD0E268254B1B6A27
:1030D00003F070039A4205D222490B6A23F0700371
:1030E0001A430A62236813F0080F0ED022691D4BA1
:1030F0001B6A1B0903F070039A4206D219490B6A36
:1031000023F4E06343EA02130B62236813F0100F09
:103110000ED06269134B1B6A1B0A03F070039A42BC
:1031200006D210490B6A23F4E04343EA02230B6200
:10313000FFF7E8FD0B4B1B6A03F00F030A4AD35C51
:10314000D8400A4B18600A4B1868FFF74FFD70BD56
:10315000012070470120FAE70120F8E70120F6E797
:1031600000200240000C0244E8F0000800000020AB
:103170009000002008B5FFF7C5FD064B1B6A03F061
:103180000F03054AD35C03F01F03D840034B1860BC
:1031900008BD00BF000C0244E8F000080000002059
:1031A000002800F02883F8B50446A24BDD6905F03D
:1031B00018059E6A06F00306036813F0100F28D066
:1031C000082D1AD0182D16D0E369002B46D0994A45
:1031D000136843F480731360FFF78EFD0746954B29
:1031E0001B6813F4007F30D1FFF786FDC01B022857
:1031F000F5D9032008E3022EE6D1E369002B00F0A5
:10320000FC828C4A936923F47C13216A43EA0143CC
:103210009361236813F0010F3AD0102D34D0182D8C
:1032200030D06368B3F5803F5AD0002B6FD1814B0B
:103230001A6822F480321A601A6822F480121A6026
:103240001A6822F480221A604FE07A4A936923F4C4
:103250007C13216A43EA01439361DAE7754A1368F4
:1032600023F480731360FFF747FD0746714B1B681B
:1032700013F4007FCDD0FFF73FFDC01B0228F5D926
:103280000320C1E2032ECCD16368002B00F0B7828B
:10329000236813F0020F00F0AE80002D78D0182DB7
:1032A00074D0E368002B00F0D280624A136823F0E8
:1032B000180321690B431360136843F00103136083
:1032C000FFF71AFD06465B4B1B6813F0020F40F038
:1032D000B580FFF711FD801B0228F4D9032093E28B
:1032E000544A136843F4803313606368002B3ED064
:1032F000FFF702FD07464F4B1B6813F4003FC7D191
:10330000FFF7FAFCC01B6428F5D903207CE2B3F573
:10331000A02F10D0B3F5A81F1BD0464B1A6822F47B
:1033200080321A601A6822F480221A601A6822F425
:1033300080121A60D9E73F4B1A6842F480221A6063
:103340001A6822F480121A601A6842F480321A60F5
:10335000CBE7384B1A6842F480221A601A6842F4AC
:1033600080121A601A6842F480321A60BDE7FFF7D3
:10337000C3FC07462F4B1B6813F4003F88D0FFF7B0
:10338000BBFCC01B6428F5D903203DE2012E88D187
:10339000E368002B00F0358235B9264B1B6803F03B
:1033A0001803226993420ED1FFF7A6FC0646214B73
:1033B0001B6813F0020F16D1FFF79EFC801B02283A
:1033C000F5D9032020E21B490B6823F018031A43A8
:1033D0000A60FFF7CFFE184B1868FFF707FC0028BC
:1033E000E2D0012010E2134A136923F4FE0361695D
:1033F00043EA01431361236813F0080F52D0A36915
:10340000002B38D00B4AD2F8F03043F08063C2F87A
:10341000F030FFF771FC0646064BD3F8F03013F09E
:10342000006F3FD1FFF768FC801B0228F4D903200E
:10343000EAE100BF000C0244900000209B4A13699F
:1034400023F4FE03616943EA01431361D3E7974A1A
:10345000136823F001031360FFF74EFC0646934BFD
:103460001B6813F0020FC6D0FFF746FC801B022832
:10347000F5D90320C8E18D4AD2F8F03023F08063FB
:10348000C2F8F030FFF738FC0646884BD3F8F0302E
:1034900013F0006F06D0FFF72FFC801B0228F4D931
:1034A0000320B1E1236813F0040F00F0A080804BEB
:1034B0005B6A13F0010F18D0A368012B29D0002BF1
:1034C00043D17A4BD3F8F02022F00102C3F8F02068
:1034D000D3F8F02022F08002C3F8F020D3F8F020D7
:1034E00022F00402C3F8F0201AE0714A536A43F054
:1034F00001035362FFF700FC06466D4B5B6A13F055
:10350000010FD9D1FFF7F8FB801B0228F5D9032062
:103510007AE1664AD2F8F03043F00103C2F8F030A5
:10352000A368002B51D0FFF7E7FB06465F4BD3F8AB
:10353000F03013F0020F5AD1FFF7DEFB801B41F28F
:1035400088339842F2D903205EE1052B15D0852BF4
:1035500027D0564BD3F8F02022F00102C3F8F02018
:10356000D3F8F02022F00402C3F8F020D3F8F020C2
:1035700022F08002C3F8F020D2E74C4BD3F8F020C1
:1035800042F00402C3F8F020D3F8F02022F08002C9
:10359000C3F8F020D3F8F02042F00102C3F8F02085
:1035A000BEE7424BD3F8F02042F00402C3F8F0200B
:1035B000D3F8F02042F08002C3F8F020D3F8F020D6
:1035C00042F00102C3F8F020AAE7FFF795FB064698
:1035D000364BD3F8F03013F0020F08D0FFF78CFB16
:1035E000801B41F288339842F2D903200CE1236812
:1035F00013F0200F29D0636A9BB12C4A136843F45F
:1036000080531360FFF778FB0646284B1B6813F4C2
:10361000005F1AD1FFF770FB801B0228F5D9032049
:10362000F2E0224A136823F480531360FFF764FB2F
:1036300006461E4B1B6813F4005F06D0FFF75CFBC9
:10364000801B0228F5D90320DEE0A36A002B00F0DE
:10365000DA80182D00F08980022B13D0134A1368EA
:1036600023F080731360FFF747FB04460F4B1B6882
:1036700013F0007F70D0FFF73FFB001B0228F5D945
:103680000320C1E0094A136823F080731360FFF739
:1036900033FB0546054B1B6813F0007F0AD0FFF78C
:1036A0002BFB401B0228F5D90320ADE0000C02449F
:1036B000000802445C4B9A6A22F47C5222F0030216
:1036C000E16A206B41EA00210A439A62626B013A87
:1036D000C2F30802A16B0139490289B20A43E16BC6
:1036E0000139090401F4FE010A43216C013909067C
:1036F00001F0FE410A435A639A6A22F010029A626C
:10370000E26CD2009A639A6A42F010029A629A6A54
:1037100022F00C02616C0A439A629A6A22F020023B
:10372000A16C0A439A629A6A42F480329A621A68D9
:1037300042F080721A60FFF7DFFA04463A4B1B68CA
:1037400013F0007F06D1FFF7D7FA001B0228F5D946
:10375000032059E0002057E0334A936A23F4E02322
:1037600023F00303936200204EE02F4A916A506BCE
:10377000012B4AD001F00303E26A934247D1C1F31F
:103780000521236B994244D1C0F30802636B013BCE
:103790009A4240D1C0F34622A36B013B9A423CD1EE
:1037A000C0F30642E36B013B9A4238D1C0F3066096
:1037B000236C013B984234D11B4B9B6BC3F3CC036E
:1037C000E26C934201D100201EE0174A936A23F075
:1037D00010039362FFF790FA0546FFF78DFAA842AF
:1037E000FBD0E26CD200104B9A639A6A42F010024E
:1037F0009A62002008E001207047012004E00120C7
:1038000002E0012000E00020F8BD0120FCE70120DB
:10381000FAE70120F8E70120F6E70120F4E70120AC
:10382000F2E70120F0E700BF000C024408B5FFF703
:10383000A1FC054B1B6AC3F30213044AD35C03F0DB
:103840001F03D84008BD00BF000C0244E0F0000890
:1038500008B5FFF78FFC054B1B6AC3F30223044A2C
:10386000D35C03F01F03D84008BD00BF000C024426
:10387000E0F0000808B5FFF77DFC054B1B6AC3F3B9
:103880000233044AD35C03F01F03D84008BD00BFD5
:10389000000C0244E0F0000838B50546344A1368CD
:1038A00023F080631360FFF727FA0446304B1B6850
:1038B00013F0006F06D0FFF71FFA001B0228F5D99E
:1038C000032038BD2A4BDA6A22F47C5222F003022C
:1038D0002968686841EA00210A43DA62AA68013A65
:1038E000C2F30802E9680139490289B20A43296929
:1038F0000139090401F4FE010A4369690139090625
:1039000001F0FE410A43DA63DA6A22F00C02A96987
:103910000A43DA62DA6A22F02002E9690A43DA62CB
:10392000DA6A696A0A43DA62DA6A22F01002DA6253
:103930001A6C6FF3CF02296A42EAC1021A64DA6A8A
:1039400042F01002DA621A6842F080621A60FFF7F1
:10395000D3F90446064B1B6813F0006F06D1FFF73E
:10396000CBF9001B0228F5D90320AAE70020A8E71D
:10397000000C024438B50546344A136823F08053DE
:103980001360FFF7B9F90446304B1B6813F0005F72
:1039900006D0FFF7B1F9001B0228F5D9032038BD86
:1039A0002A4B1A6B22F47C5222F0030229686868C1
:1039B00041EA00210A431A63AA68013AC2F30802E5
:1039C000E9680139490289B20A43296901390904C0
:1039D00001F4FE010A4369690139090601F0FE415B
:1039E0000A435A641A6B22F00C02A9690A431A634B
:1039F0001A6B22F02002E9690A431A631A6B696A9A
:103A00000A431A631A6B22F010021A639A6C6FF35E
:103A1000CF02296A42EAC1029A641A6B42F010028C
:103A20001A631A6842F080521A60FFF765F904467B
:103A3000064B1B6813F0005F06D1FFF75DF9001B12
:103A40000228F5D90320AAE70020A8E7000C0244C9
:103A5000F8B50446036813F0807F08D09B4AD2F87B
:103A6000E83023F04043816D0B43C2F8E83023680F
:103A700013F0010F21D0E36D052B3ED8DFE803F0F2
:103A800011030B11111104F10800FFF705FF0546A2
:103A900045B12E4613E004F13000FFF76BFF0546F9
:103AA000F6E70025894AD2F8D83023F00703E16D04
:103AB0000B43C2F8D830002601E0002635462368C3
:103AC00013F0020F36D0236E282B31D8DFE803F035
:103AD0001D30303030303030183030303030303011
:103AE0002A303030303030301D30303030303030EF
:103AF0001D303030303030301D0001263546DEE7D5
:103B000004F10800FFF7C8FE0546002D40F0D880FC
:103B10006E4AD2F8D83023F03803216E0B43C2F836
:103B2000D83007E004F13000FFF724FF0546ECE74A
:103B300001263546236813F0040F1AD0636E802BDC
:103B400000F0D48000F2C4803BB1402B40F0BA803A
:103B500004F10800FFF7A0FE0546002D40F0CC80E0
:103B60005A4AD2F8D83023F4E073616E0B43C2F89E
:103B7000D830236813F0080F1CD0A36EB3F5806F04
:103B800000F0CE8000F2BD8043B1B3F5007F40F07D
:103B9000B58004F10800FFF77FFE0546002D40F0D8
:103BA000C5804A4AD2F8D83023F46063A16E0B4333
:103BB000C2F8D830236813F0100F1CD0E36EB3F5B1
:103BC000005F00F0C78000F2B68043B1B3F5805FBC
:103BD00040F0AE8004F10800FFF75EFE0546002DC0
:103BE00040F0BE80394AD2F8D83023F4E043E16E89
:103BF0000B43C2F8D830236813F0200F1CD0236F7A
:103C0000B3F5803F00F0C08000F2AF8043B1B3F560
:103C1000004F40F0A78004F10800FFF73DFE054685
:103C2000002D40F0B780294AD2F8D83023F4603311
:103C3000216F0B43C2F8D830236813F0400F1CD01B
:103C4000636FB3F5002F00F0B98000F2A88043B194
:103C5000B3F5802F40F0A08004F10800FFF71CFEB0
:103C60000546002D40F0B080184AD2F8D83023F431
:103C7000E013616F0B43C2F8D830236813F0800F54
:103C800000F0BD80A36FB3F5800F00F0B18000F2AB
:103C9000A08043B1B3F5001F40F0988004F1080004
:103CA000FFF7FAFD0546002D40F0A880074AD2F83C
:103CB000D83023F46003A16F0B43C2F8D8309EE0E4
:103CC0002E4637E70126354653E700BF000C024475
:103CD000B3F5807F3FF441AFB3F5A07F3FF43DAF34
:103CE000C02B3FF43AAF0126354642E704F13000DD
:103CF000FFF740FE054630E72E463AE701263546F7
:103D000058E7B3F5006F3FF449AFB3F5206F3FF4C8
:103D100045AFB3F5C06F3FF441AF0126354649E7E3
:103D200004F13000FFF726FE054637E72E4641E74F
:103D3000012635465FE7B3F5804F3FF450AFB3F54A
:103D4000A04F3FF44CAFB3F5405F3FF448AF0126BE
:103D5000354650E704F13000FFF70CFE05463EE71C
:103D60002E4648E70126354666E7B3F5003F3FF4A7
:103D700057AFB3F5203F3FF453AFB3F5C03F3FF427
:103D80004FAF0126354657E704F13000FFF7F2FD4B
:103D9000054645E72E464FE7012635466DE7B3F564
:103DA000801F3FF45EAFB3F5A01F3FF45AAFB3F5E9
:103DB000402F3FF456AF012635465EE704F1300050
:103DC000FFF7D8FD05464CE72E4656E70126354657
:103DD00015E0B3F5000F3FF466AFB3F5200F3FF4E5
:103DE00062AFB3F5C00F3FF45EAF0126354606E083
:103DF00004F13000FFF7BEFD054654E72E46236868
:103E000013F4807F2ED0E36FB3F1007F23D016D858
:103E10003BB1B3F1807F0FD104F10800FFF73CFD07
:103E20000546F5B9A64AD2F8D83023F0E063E16F31
:103E30000B43C2F8D83015E00126354612E0B3F145
:103E4000806FEED0B3F1A06FEBD0B3F1407FE8D03C
:103E50000126354606E004F13000FFF78BFD0546EC
:103E6000DFE72E46236813F4007F30D0D4F880308B
:103E7000B3F1805F24D017D83BB1B3F1006F10D1FC
:103E800004F10800FFF708FD0546FDB98C4AD2F899
:103E9000D83023F06053D4F880100B43C2F8D830E8
:103EA00015E00126354612E0B3F1005FEDD0B3F125
:103EB000205FEAD0B3F1C05FE7D00126354606E0C7
:103EC00004F13000FFF756FD0546DEE72E46236875
:103ED00013F4806F19D0D4F88430052B6AD8DFE84A
:103EE00003F008036308080804F10800FFF7D4FC96
:103EF0000546002D61D1724AD2F8DC3023F0070369
:103F0000D4F884100B43C2F8DC30236813F4006F3C
:103F100018D0D4F88830202B5DD053D833B1102B73
:103F20004DD104F10800FFF7B7FC0546002D58D12C
:103F3000634AD2F8DC3023F07003D4F888100B43C6
:103F4000C2F8DC30236813F4805F1AD0D4F88C30C8
:103F5000B3F1007F56D049D83BB1B3F1807F42D155
:103F600004F10800FFF798FC0546002D50D1544A93
:103F7000D2F8E03023F0E063D4F88C100B43C2F8A1
:103F8000E030236813F4005F5AD0D4F89030B3F5D2
:103F9000803F43D03ED9B3F5003F44D0B3F5403F16
:103FA00041D0012635464BE004F13000FFF7E2FC3A
:103FB00005469EE701263546A7E72E46A5E70126DA
:103FC0003546BFE7402BB1D0502BAFD0302BADD012
:103FD00001263546B6E704F13000FFF7CBFC054675
:103FE000A4E72E46AEE701263546CAE7B3F1806F57
:103FF000BBD0B3F1A06FB8D0B3F1407FB5D00126EC
:104000003546BEE704F13000FFF7B4FC0546ACE7E7
:104010002E46B6E73BB10126354611E004F13000EB
:10402000FFF7A8FC054655B9254AD2F8E43023F439
:104030004033D4F890100B43C2F8E43000E02E4631
:10404000236813F4804F22D0D4F89430B3F5802F36
:104050000DD008D9B3F5002F0ED0B3F5402F0BD0FB
:104060000126354613E03BB1012635460FE004F149
:104070003000FFF77FFC0546E5B9114AD2F8E4307D
:1040800023F44023D4F894100B43C2F8E43023689F
:1040900013F4004F26D0D4F89830B3F5801F11D018
:1040A0000AD9B3F5001F12D0B3F5401F0FD0012677
:1040B000354617E02E46EAE74BB10126354611E0BA
:1040C000000C024404F13000FFF754FC0546E5B94A
:1040D000B64AD2F8E43023F44013D4F898100B43D6
:1040E000C2F8E430636813F4806F24D0D4F89C30B5
:1040F000B3F5800F0FD00AD9B3F5000F10D0B3F588
:10410000400F0DD00126354615E02E46EAE73BB1BB
:10411000012635460FE004F13000FFF72BFC054681
:10412000CDB9A24AD2F8E43023F44003D4F89C106D
:104130000B43C2F8E430236813F4803F1FD0D4F857
:10414000A030B3F1807F08D0B3F1007F0AD04BB12B
:104150000126354613E02E46EDE704F13000FFF767
:1041600009FC054655B9914AD2F8E43023F0407372
:10417000D4F8A0100B43C2F8E43000E02E46636888
:1041800013F4006F09D0894BDA6922F40042DA6136
:10419000DA69D4F804110A43DA61236813F4003FA2
:1041A0001ED0D4F8A430B3F5007F00F0F48000F204
:1041B000E38043B1B3F5807F40F0DB8004F1080079
:1041C000FFF76AFB0546002D40F0EB80774AD2F8F6
:1041D000DC3023F4E063D4F8A4100B43C2F8DC30E5
:1041E000236813F4802F1ED0D4F8A830B3F5005FF5
:1041F00000F0ED8000F2DC8043B1B3F5805F40F069
:10420000D28004F10800FFF747FB0546002D40F07F
:10421000E480664AD2F8DC3023F4E043D4F8A810F6
:104220000B43C2F8DC30636813F0200F1ED0D4F8C3
:10423000AC30B3F5003F00F0E48000F2D38043B12E
:10424000B3F5803F40F0CB8004F10800FFF724FB7A
:104250000546002D40F0DB80544AD2F8DC3023F4D0
:10426000E023D4F8AC100B43C2F8DC30636813F0E1
:10427000400F1ED0D4F8B030B3F5001F00F0DB8043
:1042800000F2CA8043B1B3F5801F40F0C28004F150
:104290000800FFF701FB0546002D40F0D280434A9D
:1042A000D2F8DC3023F4E003D4F8B0100B43C2F8AA
:1042B000DC30636813F0800F1ED0D4F8B430B3F153
:1042C000007F00F0D28000F2C18043B1B3F1807F63
:1042D00040F0B98004F10800FFF7DEFA0546002D32
:1042E00040F0C980314AD2F8DC3023F0E063D4F8E2
:1042F000B4100B43C2F8DC30636813F4807F1ED027
:10430000D4F8B830B3F1005F00F0C98000F2B88093
:1043100043B1B3F1805F40F0B08004F10800FFF7D3
:10432000BBFA0546002D40F0C080204AD2F8DC30B0
:1043300023F0E043D4F8B8100B43C2F8DC30236814
:1043400013F4002F00F0D580D4F8C030B3F5003F4F
:1043500000F0BF8000F2AE80002B00F0B480B3F517
:10436000803F40F0A48004F10800FFF795FA05466D
:10437000B4E00126354633E7B3F5806F3FF423AF51
:10438000B3F5A06F3FF41FAFB3F5407F3FF41BAF11
:104390000126354624E704F13000FFF7EBFA054625
:1043A00011E72E461CE7012635463CE7000C024487
:1043B000B3F5804F3FF42AAFB3F5A04F3FF426AFDB
:1043C000B3F5405F3FF422AF012635462BE704F1F9
:1043D0003000FFF7CFFA054618E72E4623E70126FF
:1043E000354643E7B3F5802F3FF433AFB3F5A02F45
:1043F0003FF42FAFB3F5403F3FF42BAF01263546D6
:1044000034E704F13000FFF7B5FA054621E72E4600
:104410002CE7012635464CE7B3F5800F3FF43CAF5F
:10442000B3F5A00F3FF438AFB3F5401F3FF434AFFE
:10443000012635463DE704F13000FFF79BFA0546BB
:104440002AE72E4635E70126354655E7B3F1806F5A
:104450003FF445AFB3F1A06F3FF441AFB3F1407FFC
:104460003FF43DAF0126354646E704F13000FFF743
:1044700081FA054633E72E463EE7012635465EE7DC
:10448000B3F1804F3FF44EAFB3F1A04F3FF44AAFCA
:10449000B3F1405F3FF446AF012635464FE704F1E4
:1044A0003000FFF767FA05463CE72E4647E701264E
:1044B00035461EE0B3F5403F10D0B3F5802F0DD048
:1044C0000126354615E0AA4A936A43F40033936205
:1044D00004E004F13000FFF74DFA0546EDB9A44AB7
:1044E000D2F8E83023F4E023D4F8C0100B43C2F82C
:1044F000E830236813F4801F33D0D4F8C430B3F508
:10450000801F1ED00ED8B3B1B3F5002F07D104F130
:104510000800FFF7C1F9054618E02E46E9E7012635
:1045200035461EE0B3F5C01F10D0B3F5001F0DD007
:104530000126354615E08E4A936A43F400339362B0
:1045400004E004F13000FFF715FA0546C5B9884AC2
:10455000D2F8E83023F46013D4F8C4100B43C2F847
:10456000E830236813F4001F23D0D4F8D430022B92
:104570000DD007D9033B022B0ED90126354618E092
:104580002E46EEE7012B07D90126354611E004F14E
:104590000800FFF781F9054655B9754AD2F8E830A9
:1045A00023F00703D4F8D4100B43C2F8E83000E03E
:1045B0002E46636813F4007F06D0D4F8D830E3B1F8
:1045C000082B1AD001263546236813F0007F20D12E
:1045D000236813F0806F00F0A780D4F8C830102B48
:1045E00000F0908040F28A80202B00F09080302BE9
:1045F00000F08D800126354696E045B95C49D1F83A
:10460000E82022F008021343C1F8E830DCE72E4628
:10461000DAE7584A536A43F001035362FEF76CFB32
:104620000746544B5B6A13F0010F05D1FEF764FB9C
:10463000C01B0228F5D90325002D5BD14C4BD3F8C4
:10464000F03013F4407319D0D4F8F8209A4212D005
:10465000474AD2F8F03023F44073D2F8F01041F416
:104660008031C2F8F010D2F8F01021F48031C2F895
:10467000F010C2F8F03013F0010F1ED1002D3BD125
:10468000D4F8F83003F44072B2F5407F27D0384AAE
:10469000D36923F47C53D361354BD3F8F02022F453
:1046A0004072C3F8F020D3F8F020D4F8F810C1F32A
:1046B0000B010A43C3F8F0208AE7FEF71DFB07460B
:1046C0002B4BD3F8F03013F0020FD7D1FEF714FBC9
:1046D000C01B41F288339842F2D90325CEE7244922
:1046E000CA6922F47C52C3F3171323F03003134337
:1046F000CB61D1E72E466BE72E4669E73BB1012639
:10470000354611E01A4A936A43F40033936255B96F
:10471000174AD2F8E83023F03003D4F8C8100B431E
:10472000C2F8E83000E02E46236813F4800F06D06C
:10473000D4F8CC3003B3402B2FD001263546236864
:1047400013F4000F06D0D4F8D03073B3802B3DD0D3
:1047500001263546236813F0006F4FD0D4F8E030BF
:10476000042B72D8DFE803F03A656B3F3F0000BFCF
:10477000000C024400080244974A936A43F4003351
:10478000936285B9944AD2F8E43023F04003D4F818
:10479000CC100B43C2F8E430D1E704F10800FFF776
:1047A0007BF80546EDE72E46C9E78B4A936A43F44A
:1047B0000033936285B9884AD2F8E43023F080034D
:1047C000D4F8D0100B43C2F8E430C3E704F108007A
:1047D000FFF762F80546EDE72E46BBE77E4A936A8F
:1047E00043F4003393629DBB7B4AD2F8E03023F060
:1047F0000703D4F8E0100B43C2F8E030236813F04D
:10480000805F46D0D4F8E430202B40D8DFE803F0B6
:10481000223F3F3F3F3F3F3F333F3F3F3F3F3F3FD1
:10482000393F3F3F3F3F3F3F273F3F3F3F3F3F3FB6
:10483000270004F10800FFF72FF80546D3E704F13D
:104840003000FFF797F80546CDE701263546D5E756
:104850002E46D3E7604A936A43F40033936255BB14
:104860005D4AD2F8E03023F03803D4F8E4100B436B
:10487000C2F8E0300DE004F10800FFF70DF805463E
:10488000EDE704F13000FFF775F80546E7E701268C
:104890003546236813F0005F32D0D4F8E830802B1F
:1048A0001CD00DD8A3B1402B07D104F10800FEF7AE
:1048B000F3FF054617E02E46EBE7012635461FE0DD
:1048C000C02B10D0B3F5807F0DD00126354617E000
:1048D000414A936A43F40033936204E004F13000E8
:1048E000FFF748F8054655B93B4AD2F8E03023F4C3
:1048F000E073D4F8E8100B43C2F8E03000E02E4635
:10490000236813F0804F1AD0D4F8EC30B3F5806FE1
:1049100070D063D83BB1B3F5007F59D104F10800E2
:10492000FEF7BAFF0546002D6AD12B4AD2F8E030D7
:1049300023F46063D4F8EC100B43C2F8E030236832
:10494000002B1ADAD4F8F030B3F5005F69D05CD8E8
:104950003BB1B3F5805F55D104F10800FEF79CFF31
:104960000546002D63D11C4AD2F8E03023F4E04321
:10497000D4F8F0100B43C2F8E030636813F0010F75
:104980001AD0D4F8F430B3F5803F61D054D83BB19D
:10499000B3F5004F4DD104F10800FEF77DFF054649
:1049A000002D5BD10C4AD2F8E03023F46033D4F808
:1049B000F4100B43C2F8E030636813F0020F5FD0CD
:1049C000D4F8DC30032B71D8DFE803F04F4A6A4F8C
:1049D00001263546B3E700BF000C0244B3F5006F73
:1049E000A1D0B3F5206F9ED0B3F5C06F9BD0012648
:1049F0003546A4E704F13000FEF7BCFF054692E718
:104A00002E469CE701263546B7E7B3F5804FA8D080
:104A1000B3F5A04FA5D0B3F5405FA2D0012635462F
:104A2000ABE704F13000FEF7A5FF054699E72E46F7
:104A3000A3E701263546BFE7B3F5003FB0D0B3F595
:104A4000203FADD0B3F5C03FAAD001263546B3E72D
:104A500004F13000FEF78EFF0546A1E72E46ABE7D6
:104A60003C4A936A43F40033936215BB394AD2F847
:104A7000E43023F00303D4F8DC100B43C2F8E43035
:104A8000636813F0040F26D0D4F8BC30B3F5807FF0
:104A900011D0B3F5007F3BD093B1012635461AE023
:104AA00004F10800FEF7F8FE0546DEE7012635466C
:104AB000E6E72E46E4E7274A936A43F4003393621D
:104AC00065BB244AD2F8E83023F44073D4F8BC1014
:104AD0000B43C2F8E830636813F0100F29D0D4F804
:104AE0000031202B1CD0302B06D0102B1ED1194AA0
:104AF000936A43F400339362D5B9164AD2F8E4308E
:104B000023F03003D4F800110B43C2F8E43010E076
:104B100004F10800FEF7C0FE0546D1E72E46DAE7AD
:104B200004F13000FEF726FF0546E5E7012600E028
:104B30002E46636813F0080F09D0064AD2F8E83011
:104B400023F0C003D4F8FC100B43C2F8E830304621
:104B5000F8BD00BF000C024430B580494A6BC2F377
:104B600008028B6A03F0030C8C6AC4F305258B6A78
:104B7000C3F3001E8B6BC3F3CC030EFB03F314F4DF
:104B80007C5F00F0E68007EE903AF8EE677ABCF1C1
:104B9000020F41D0BCF1030F57D0BCF1010F6DD112
:104BA0000968C1F3C1016E4BCB4007EE103AB8EE75
:104BB000476A07EE105AB8EE477AC6EE076A07EE64
:104BC000102AB8EE477A9FED676A67EE867A77EE2D
:104BD000277AB7EE007A77EE877A66EEA77A5F4B90
:104BE0001B6813F0007F6DD05C4B9B6A13F4803F11
:104BF00065D05A4B5B6BC3F3462307EE103AB8EE11
:104C0000477AF7EE006A37EE267AC7EE876AFCEE3F
:104C1000E66AC0ED006A57E007EE105AB8EE477A30
:104C20009FED516AC6EE076A07EE102AB8EE477A82
:104C30009FED4C6A67EE867A77EE277AB7EE007AB8
:104C400077EE877A66EEA77AC9E707EE105AB8EED4
:104C5000477A9FED466AC6EE076A07EE102AB8EE5D
:104C6000477A9FED406A67EE867A77EE277AB7EE4D
:104C7000007A77EE877A66EEA77AB0E7374B196845
:104C8000C1F3C101364BCB4007EE103AB8EE476A8C
:104C900007EE105AB8EE477AC6EE076A07EE102AFA
:104CA000B8EE477A9FED2F6A67EE867A77EE277A1D
:104CB000B7EE007A77EE877A66EEA77A8FE7002361
:104CC000036001E000230360244B1B6813F0007FA6
:104CD0001AD0224B9B6A13F4003F12D01F4B5B6B20
:104CE000C3F3064307EE103AB8EE477AF7EE006AD0
:104CF00037EE267AC7EE876AFCEEE66AC0ED016AF7
:104D000004E00023436001E000234360134B1B6871
:104D100013F0007F1AD0114B9B6A13F4802F12D02E
:104D20000E4B5B6BC3F3066307EE103AB8EE477A9F
:104D3000F7EE006A37EE267AC7EE876AFCEEE66A7F
:104D4000C0ED026A09E00023836006E0002383606F
:104D500003E0002303604360836030BD000C024425
:104D60000090D003000000390024744A20BCBE4BE0
:104D700030B58049CA6BC2F30802CB6A03F0030C5A
:104D8000CC6AC4F30525CB6AC3F3001E0B6CC3F3D6
:104D9000CC030EFB03F314F47C5F00F0E68007EE17
:104DA000903AF8EE677ABCF1020F41D0BCF1030FE4
:104DB00057D0BCF1010F6DD10968C1F3C1016E4B31
:104DC000CB4007EE103AB8EE476A07EE105AB8EE3D
:104DD000477AC6EE076A07EE102AB8EE477A9FEDCB
:104DE000676A67EE867A77EE277AB7EE007A77EE13
:104DF000877A66EEA77A5F4B1B6813F0006F6DD061
:104E00005C4BDB6A13F4803F65D05A4BDB6BC3F31A
:104E1000462307EE103AB8EE477AF7EE006A37EE0F
:104E2000267AC7EE876AFCEEE66AC0ED006A57E0B4
:104E300007EE105AB8EE477A9FED516AC6EE076A40
:104E400007EE102AB8EE477A9FED4C6A67EE867A35
:104E500077EE277AB7EE007A77EE877A66EEA77A52
:104E6000C9E707EE105AB8EE477A9FED466AC6EEDC
:104E7000076A07EE102AB8EE477A9FED406A67EEA0
:104E8000867A77EE277AB7EE007A77EE877A66EE43
:104E9000A77AB0E7374B1968C1F3C101364BCB4055
:104EA00007EE103AB8EE476A07EE105AB8EE477AA6
:104EB000C6EE076A07EE102AB8EE477A9FED2F6A12
:104EC00067EE867A77EE277AB7EE007A77EE877A02
:104ED00066EEA77A8FE70023036001E000230360FA
:104EE000244B1B6813F0006F1AD0224BDB6A13F4BB
:104EF000003F12D01F4BDB6BC3F3064307EE103AA3
:104F0000B8EE477AF7EE006A37EE267AC7EE876A80
:104F1000FCEEE66AC0ED016A04E00023436001E0B4
:104F200000234360134B1B6813F0006F1AD0114B22
:104F3000DB6A13F4802F12D00E4BDB6BC3F30663D6
:104F400007EE103AB8EE477AF7EE006A37EE267AA7
:104F5000C7EE876AFCEEE66AC0ED026A09E000234C
:104F6000836006E00023836003E000230360436066
:104F7000836030BD000C02440090D0030000003973
:104F80000024744A20BCBE4B30B580494A6CC2F341
:104F900008020B6B03F0030C0C6BC4F305250B6BC1
:104FA000C3F3001E8B6CC3F3CC030EFB03F314F4AA
:104FB0007C5F00F0E68007EE903AF8EE677ABCF18D
:104FC000020F41D0BCF1030F57D0BCF1010F6DD1DE
:104FD0000968C1F3C1016E4BCB4007EE103AB8EE41
:104FE000476A07EE105AB8EE477AC6EE076A07EE30
:104FF000102AB8EE477A9FED676A67EE867A77EEF9
:10500000277AB7EE007A77EE877A66EEA77A5F4B5B
:105010001B6813F0005F6DD05C4B1B6B13F4803F7B
:1050200065D05A4B5B6CC3F3462307EE103AB8EEDB
:10503000477AF7EE006A37EE267AC7EE876AFCEE0B
:10504000E66AC0ED006A57E007EE105AB8EE477AFC
:105050009FED516AC6EE076A07EE102AB8EE477A4E
:105060009FED4C6A67EE867A77EE277AB7EE007A84
:1050700077EE877A66EEA77AC9E707EE105AB8EEA0
:10508000477A9FED466AC6EE076A07EE102AB8EE29
:10509000477A9FED406A67EE867A77EE277AB7EE19
:1050A000007A77EE877A66EEA77AB0E7374B196811
:1050B000C1F3C101364BCB4007EE103AB8EE476A58
:1050C00007EE105AB8EE477AC6EE076A07EE102AC6
:1050D000B8EE477A9FED2F6A67EE867A77EE277AE9
:1050E000B7EE007A77EE877A66EEA77A8FE700232D
:1050F000036001E000230360244B1B6813F0005F92
:105100001AD0224B1B6B13F4003F12D01F4B5B6C69
:10511000C3F3064307EE103AB8EE477AF7EE006A9B
:1051200037EE267AC7EE876AFCEEE66AC0ED016AC2
:1051300004E00023436001E000234360134B1B683D
:1051400013F0005F1AD0114B1B6B13F4802F12D099
:105150000E4B5B6CC3F3066307EE103AB8EE477A6A
:10516000F7EE006A37EE267AC7EE876AFCEEE66A4B
:10517000C0ED026A09E00023836006E0002383603B
:1051800003E0002303604360836030BD000C0244F1
:105190000090D003000000390024744A20BCBE4BAC
:1051A00000F17E430B432CD000B58BB0A0F58013EB
:1051B0000B4300F0CC83B04B984271F1000380F0B8
:1051C000FC81A0F580630B4300F0B58640F20143FB
:1051D000984271F1000380F01681212871F10003DB
:1051E00080F0868050EA010301F0DB84013841F150
:1051F000FF31202871F1000134D300200BB05DF89D
:1052000004FB9E4AD2F8F03003F44073D2F8F02049
:1052100012F0020F03D0B3F5807F01F0BA84974AF1
:10522000D2F8F02012F0006F03D0B3F5007F01F048
:10523000B384924A106810F4003001F02C86B3F564
:10524000407F01D000207047D36903F47C53B3F54D
:10525000007FC1F0A484D369C3F305238848B0FB61
:10526000F3F070471F28C8D801A353F820F000BFFF
:10527000175A0008B15A0008FB510008375B0008B4
:10528000FB510008FB510008FB510008CB5B0008F4
:10529000FB510008FB510008FB510008FB510008BE
:1052A000FB510008FB510008FB510008655C000839
:1052B000FB510008FB510008FB510008FB5100089E
:1052C000FB510008FB510008FB510008FB5100088E
:1052D000FB510008FB510008FB510008FB5100087E
:1052E000FB510008FB510008FB510008095D000854
:1052F000A0F580730B4300F0B98540F2011398428A
:1053000071F1000341D2A0F140030B4300F0498545
:105310008038084337D1594BD3F8D83013F46003A1
:1053200000F08C85554A126812F0006F03D0B3F577
:10533000001F00F08785514A126812F0005F03D009
:10534000B3F5800F00F084854C4A126812F0020F0A
:1053500003D0B3F5C00F00F08185484A126812F4FB
:10536000007F03D0B3F5000F01F07C84434AD2F8EC
:10537000F02012F0020F01F07884B3F5200F01F055
:10538000778400203AE7002038E7A0F50070084352
:1053900037D13A4BD3F8D83013F0605300F0B385CF
:1053A000364A126812F0006F03D0B3F1006F00F0BC
:1053B000AE85324A126812F0005F03D0B3F1805F0D
:1053C00000F0AB852D4A126812F0020F03D0B3F142
:1053D000C05F00F0A885294A126812F4007F03D04C
:1053E000B3F1005F01F05284244AD2F8F02012F0A9
:1053F000020F01F04E84B3F1205F01F04D840020D4
:10540000FCE60020FAE6A0F500430B4300F0D78647
:1054100048F20103984271F1000335D3A0F58023CF
:105420000B4300F08E87174B984271F1000380F018
:105430009780A0F580330B4300F00387A0F5003080
:10544000084340F08B800D4BD3F8DC3003F4E0636D
:10545000B3F5407F00F0498700F22087B3F5807FE5
:1054600000F03787B3F5007F00F03987002B40F05C
:105470000E87FEF7FFF9C1E601001000000C0244A0
:1054800040787D0101000400A0F500530B4300F0BB
:10549000548642F20103984271F1000338D2A0F51C
:1054A00000630B4300F09485A0F5805008432DD194
:1054B000B04BD3F8E03013F0E06300F0D185B3F1E6
:1054C000807F00F0D185B3F1007F00F0D385A94A39
:1054D000126812F0020F03D0B3F1407F00F0D085C4
:1054E000A44A126812F4007F03D0B3F1806F01F078
:1054F000EB83A04AD2F8F02012F0020F01F0E7830C
:10550000B3F1A06F01F0E683002077E6002075E696
:10551000A0F5804008431FD1964BD3F8E43013F434
:10552000402300F03A86B3F5802F00F03A86914A86
:10553000126812F0020F03D0B3F5002F00F0378687
:105540008C4A126812F4007F01F0E283B3F5402F19
:1055500001F0E183002051E600204FE600204DE6F7
:10556000A0F50020084326D1824BD3F8E83003F49D
:10557000E023B3F5003F00F0D08140F2BC81B3F5E9
:10558000403F01F01183B3F5802F40F0BF81794A8D
:10559000D2F8E83003F04043126812F0020F00F036
:1055A000C181002B40F0BE81724B1B68C3F3C10365
:1055B0007148D84022E6002020E6022908BF0028D2
:1055C00001F04782002383424FF002038B41C0F079
:1055D000D98000F170430B4301F00681674B98427C
:1055E00071F100033AD2A0F500030B4300F00182F1
:1055F000634B984271F1000316D2A0F500130B43E0
:1056000000F04685A0F5800008430BD1594BD3F834
:10561000E43013F0400F40F0E78107A8FFF79CFA51
:105620000898EBE50020E9E500F17C430B4301F02D
:105630005B8200F1784008430ED14E4BD3F8E03046
:1056400003F00703042B01F2AE83DFE813F08D08AB
:10565000930899088A089F080020CFE5002908BF11
:10566000B0F1004F01F091814FF0004383424FF0C1
:1056700000038B4141D300F160430B4301F01C81D7
:1056800000F14040084336D13A4BD3F8E03013F4F0
:10569000606301F06281374A126812F0006F03D034
:1056A000B3F5007F01F05D81324A126812F0005FAD
:1056B00003D0B3F5806F01F05A812E4A126812F0C0
:1056C000020F03D0B3F5C06F01F05781294A126869
:1056D00012F4007F03D0B3F5006F01F09283254AE6
:1056E000126812F4003F01F08F83B3F5206F01F0D0
:1056F0008E83002082E5002080E5012908BF002874
:1057000036D11C4BD3F8E03013F4603301F08981BB
:10571000184A126812F0006F03D0B3F5004F01F081
:105720008481144A126812F0005F03D0B3F5803F01
:1057300001F081810F4A126812F0020F03D0B3F515
:10574000C03F01F07E810B4A126812F4007F03D043
:10575000B3F5003F01F06783064A126812F4003F78
:1057600001F06483B3F5203F01F06383002045E539
:10577000002043E5000C02440090D003010000101B
:1057800001008000402908BF002800F09A8600230D
:1057900083424FF040038B412ED2B1F5007F08BF0A
:1057A000002800F0B084002383424FF400738B4143
:1057B0007AD3802908BF002800F0F286B1F5807FF7
:1057C00008BF00286ED1AC4BD3F8DC3003F0E043C7
:1057D000B3F1405F00F0788700F24F87B3F1805F4C
:1057E00000F06687B3F1005F00F06887002B40F09F
:1057F0004187FEF73FF801E5102908BF002801F0B6
:10580000A281002383424FF010038B412BD3042944
:1058100008BF002800F08487082908BF002820D18D
:10582000954AD2F8E83003F0C003D2F8F02012F025
:10583000020F02D0002B01F00B838F4AD2F8F02028
:1058400012F0006F02D0402B01F006838A4A1268E2
:1058500012F4007F01F00483802B01F00483002008
:10586000CCE40020CAE4202908BF002818D1824BCC
:10587000D3F8DC3003F4E023B3F5403F00F0F585C6
:1058800000F2CC85B3F5803F00F0E385B3F5003F2F
:1058900000F0E585002B40F0BE85FDF7EBFFADE4A1
:1058A0000020ABE40020A9E4B1F5806F08BF002818
:1058B0001FD1714BD3F8E43013F4400300F0AF84F0
:1058C000B3F5800F00F0AF846B4A126812F0020F3C
:1058D00003D0B3F5000F00F0AC84674A126812F4ED
:1058E000007F01F02182B3F5400F01F020820020FB
:1058F00084E4002082E45BB1B3F5803F04D104A8C6
:10590000FFF736FA049879E4002077E4002075E484
:1059100007A8FFF721F9089870E401A8FFF734FB06
:1059200001986BE4544A126812F4007F03D0B3F17B
:10593000804F01F03C81504A126812F4003F01F0A0
:105940003981B3F1004F01F03881002056E44A4B11
:10595000D3F8E83003F46013B3F5801F2AD00AD8D7
:105960001BB3B3F5002F04D104A8FFF701FA049884
:1059700044E4002042E4B3F5C01F01F02181B3F5F7
:10598000001F10D13C4AD2F8E83003F040431268BF
:1059900012F0020F13D093B9374B1B68C3F3C10346
:1059A0003648D8402AE4002028E407A8FFF7D4F8B6
:1059B000089823E401A8FFF7E7FA01981EE42E4AAD
:1059C000126812F4007F03D0B3F1804F01F0FB8026
:1059D000294A126812F4003F01F0F880B3F1004F39
:1059E00001F0F780002009E404A8FFF7C1F9069848
:1059F00004E4214BD3F8E43013F0800F05D107A85D
:105A0000FFF7AAF80898FFF7F9BB04A8FFF7B0F969
:105A10000698FFF7F3BB184BD3F8D83013F0070301
:105A20002ED0154A126812F0006F01D0012B2BD036
:105A3000114A126812F0005F01D0022B2AD00E4AE0
:105A4000126812F0020F01D0032B29D00A4A126803
:105A500012F4007F02D0042B01F0BE80064AD2F877
:105A6000F02012F0020F01F0BA80052B01F0BA808D
:105A70000020FFF7C3BB00BF000C02440090D0031E
:105A8000FDF7E6FEFFF7BABB04A8FFF771F905982A
:105A9000FFF7B4BB01A8FFF777FA0298FFF7AEBB98
:105AA000974B1B68C3F3C1039648D840FFF7A6BBCA
:105AB000934BD3F8D83013F0380324D0904A1268AF
:105AC00012F0006F01D0082B21D0102B25D08C4A6A
:105AD000126812F0020F01D0182B24D0884A1268E5
:105AE00012F4007F02D0202B01F08080844AD2F88B
:105AF000F02012F0020F01F07C80282B01F07C8056
:105B00000020FFF77BBBFDF791FEFFF777BB04A8F2
:105B1000FFF72EF90598FFF771BB01A8FFF734FADC
:105B20000298FFF76BBB764B1B68C3F3C103754844
:105B3000D840FFF763BB724BD3F8D83013F4E0734F
:105B40002BD06F4A126812F0006F01D0402B28D082
:105B50006B4A126812F0005F01D0802B27D0684A90
:105B6000126812F0020F01D0C02B26D0644A1268CE
:105B700012F4007F03D0B3F5807F01F04180604ACA
:105B8000D2F8F02012F0020F01F03D80B3F5A07FB3
:105B900001F03C800020FFF731BBFDF747FEFFF727
:105BA0002DBB04A8FFF7E4F80598FFF727BB01A871
:105BB000FFF7EAF90298FFF721BB514B1B68C3F3CB
:105BC000C1035048D840FFF719BB4D4BD3F8D8302C
:105BD00013F460632ED04A4A126812F0006F02D0AC
:105BE000B3F5007F2AD0464A126812F0005F02D057
:105BF000B3F5806F28D0424A126812F0020F02D02B
:105C0000B3F5C06F26D03E4A126812F4007F03D06D
:105C1000B3F5006F00F0FE87394AD2F8F02012F099
:105C2000020F00F0FA87B3F5206F00F0F98700202B
:105C3000FFF7E4BAFDF7FAFDFFF7E0BA04A8FFF7B3
:105C400097F80598FFF7DABA01A8FFF79DF90298CF
:105C5000FFF7D4BA2A4B1B68C3F3C1032948D840C5
:105C6000FFF7CCBA264BD3F8D83013F4E0432ED04C
:105C7000234A126812F0006F02D0B3F5805F2AD079
:105C80001F4A126812F0005F02D0B3F5005F28D0FF
:105C90001B4A126812F0020F02D0B3F5405F26D003
:105CA000174A126812F4007F03D0B3F5804F00F05A
:105CB000BB87134AD2F8F02012F0020F00F0B7872A
:105CC000B3F5A04F00F0B6870020FFF797BAFDF7B5
:105CD000ADFDFFF793BA04A8FFF74AF80598FFF760
:105CE0008DBA01A8FFF750F90298FFF787BA044B65
:105CF0001B68C3F3C1030348D840FFF77FBA00BF56
:105D0000000C02440090D003AB4BD3F8D83013F40E
:105D100060332ED0A84A126812F0006F02D0B3F59B
:105D2000004F2AD0A44A126812F0005F02D0B3F5E7
:105D3000803F28D0A04A126812F0020F02D0B3F5BB
:105D4000C03F26D09C4A126812F4007F03D0B3F5FE
:105D5000003F00F07387984AD2F8F02012F0020F4B
:105D600000F06F87B3F5203F00F06E870020FFF74B
:105D700045BAFDF75BFDFFF741BA04A8FEF7F8FF4F
:105D80000598FFF73BBA01A8FFF7FEF80298FFF766
:105D900035BA894B1B68C3F3C1038848D840FFF765
:105DA0002DBA854BD3F8D83013F4E0132ED0824AA5
:105DB000126812F0006F02D0B3F5802F2AD07E4A0D
:105DC000126812F0005F02D0B3F5002F28D07A4A93
:105DD000126812F0020F02D0B3F5402F26D0764A97
:105DE000126812F4007F03D0B3F5801F00F03087F3
:105DF000714AD2F8F02012F0020F00F02C87B3F5B0
:105E0000A01F00F02B870020FFF7F8B9FDF70EFD6B
:105E1000FFF7F4B904A8FEF7ABFF0598FFF7EEB95A
:105E200001A8FFF7B1F80298FFF7E8B9624B1B68C9
:105E3000C3F3C1036148D840FFF7E0B9FDF7F6FCB2
:105E4000FFF7DCB904A8FEF793FF0598FFF7D6B972
:105E500001A8FFF799F80298FFF7D0B9564B1B68D5
:105E6000C3F3C1035548D840FFF7C8B9524BD3F824
:105E7000D83013F0E0632ED04F4A126812F0006F52
:105E800002D0B3F1807F2AD04B4A126812F0005F33
:105E900002D0B3F1007F28D0474A126812F0020FF7
:105EA00002D0B3F1407F26D0434A126812F4007F3B
:105EB00003D0B3F1806F00F0DF863F4AD2F8F020C4
:105EC00012F0020F00F0DB86B3F1A06F00F0DA866B
:105ED0000020FFF793B9FDF7A9FCFFF78FB904A8DD
:105EE000FEF746FF0598FFF789B901A8FFF74CF8C0
:105EF0000298FFF783B9304B1B68C3F3C1032F48E7
:105F0000D840FFF77BB9FDF791FCFFF777B904A8FC
:105F1000FEF72EFF0598FFF771B901A8FFF734F8D7
:105F20000298FFF76BB9244B1B68C3F3C1032348E6
:105F3000D840FFF763B9204BD3F8DC3013F00703E8
:105F400029D01D4A126812F0006F01D0012B26D013
:105F5000194A126812F0005F01D0022B25D0164AB0
:105F6000126812F0020F01D0032B29D0124A1268D6
:105F700012F4007F02D0042B00F092860E4AD2F871
:105F8000F02012F0020F00F08E86052B00F08E86B6
:105F90000020FFF733B9FDF749FCFFF72FB904A83C
:105FA000FEF7E6FE0598FFF729B901A8FEF7ECFF1A
:105FB0000298FFF723B900BF000C02440090D00301
:105FC000B44B1B68C3F3C103B348D840FFF716B9FD
:105FD000B04BD3F8DC3013F0700329D0AD4A12680F
:105FE00012F0006F01D0102B26D0AA4A126812F0CE
:105FF000005F01D0202B25D0A64A126812F0020FB4
:1060000001D0302B24D0A34A126812F4007F02D0B2
:10601000402B00F04F869F4AD2F8F02012F0020F7A
:1060200000F04B86502B00F04B860020FFF7E6B8BF
:10603000FDF7FCFBFFF7E2B804A8FEF799FE059810
:10604000FFF7DCB801A8FEF79FFF0298FFF7D6B86C
:10605000904B1B68C3F3C1038F48D840FFF7CEB8FD
:10606000FDF708FCFFF7CAB804A8FEF781FE059803
:10607000FFF7C4B801A8FEF787FF0298FFF7BEB884
:10608000844B1B68C3F3C1038348D840FFF7B6B8FD
:10609000804BD3F8E83013F007031ED0012B20D03B
:1060A000022B22D07B4A126812F4003F02D0032B4D
:1060B00000F01486774A126812F0020F01D0042B08
:1060C00019D0744A126812F4007F00F00A86052B7A
:1060D00000F00A860020FFF791B8FDF74BF8FFF7B4
:1060E0008DB8FCF70FFEFFF789B804A8FEF740FE55
:1060F0000698FFF783B8674B1B68C3F3C103664874
:10610000D840FFF77BB8634AD2F8E83003F00803C1
:10611000D2F8F02012F0020F02D0002B00F0E78539
:106120005C4AD2F8F02012F0006F00F0E485002BFA
:1061300040F0E4850020FFF761B8564BD3F8E43017
:1061400013F4403317D0B3F5803F18D0514A12688A
:1061500012F0020F02D0B3F5003F16D04D4A12687C
:1061600012F4007F00F0CE85B3F5403F00F0CD85FE
:106170000020FFF743B8FDF759FBFFF73FB801A830
:10618000FEF702FF0398FFF739B8424B1B68C3F3D1
:10619000C1034148D840FFF731B8FDF747FBFFF78F
:1061A0002DB801A8FEF7F0FE0398FFF727B8394B8A
:1061B0001B68C3F3C1033848D840FFF71FB8354BFD
:1061C000D3F8E43013F4401317D0B3F5801F18D080
:1061D000304A126812F0020F02D0B3F5001F16D039
:1061E0002C4A126812F4007F00F09885B3F5401F26
:1061F00000F097850020FFF701B8FDF73BFBFEF7A5
:10620000FDBF01A8FEF7C0FE0398FEF7F7BF214BC4
:106210001B68C3F3C1032048D840FEF7EFBFFDF76A
:1062200029FBFEF7EBBF01A8FEF7AEFE0398FEF7D1
:10623000E5BF184B1B68C3F3C1031748D840FEF7EE
:10624000DDBF144BD3F8E43013F040730ED0B3F13C
:10625000807F0FD00F4A106810F002003EF4CEAFDE
:10626000B3F1007F0CD00020FEF7C8BFFDF7DEFAC7
:10627000FEF7C4BF01A8FEF787FE0398FEF7BEBF76
:106280001368C3F3C1030448D840FEF7B7BF00202A
:10629000FEF7B4BF000C02440090D003B3F5806F4A
:1062A0002ED0B3F5A06F11D1B04AD2F8E83003F088
:1062B0004043126812F0020F2DD063BBAB4B1B683A
:1062C000C3F3C103AA48D840FEF798BF0020FEF7E9
:1062D00095BF04A8FEF74CFD0498FEF78FBF01A8F8
:1062E000FEF752FE0398FEF789BFA04BD3F8F000EB
:1062F00010F002003EF482AF4FF40040FEF77EBF84
:106300009A4BD3F8F00010F000603EF477AF4FF4F2
:10631000FA40FEF773BF954A126812F4007F03D06B
:10632000B3F1804F00F00685904A126812F4003FE6
:1063300000F00385B3F1004F00F002850020FEF766
:106340005DBF8A4BD3F8DC3003F4E043B3F5405F24
:1063500035D00DD8B3F5805F25D0B3F5005F28D0D8
:106360001BB9FDF763FAFEF749BF0020FEF746BFF1
:10637000B3F5804F2ED0B3F5A04F11D17B4AD2F8A0
:10638000E83003F04043126812F0020F2DD063BBD7
:10639000764B1B68C3F3C1037548D840FEF72EBF88
:1063A0000020FEF72BBF04A8FEF7E2FC0498FEF7DE
:1063B00025BF01A8FEF7E8FD0398FEF71FBF6B4B52
:1063C000D3F8F00010F002003EF418AF4FF4004094
:1063D000FEF714BF654BD3F8F00010F000603EF4F8
:1063E0000DAF4FF4FA40FEF709BF604A126812F48D
:1063F000007F03D0B3F1804F00F0A5845B4A1268A0
:1064000012F4003F00F0A284B3F1004F00F0A18429
:106410000020FEF7F3BE0020FEF7F0BEB3F5802F9C
:106420002ED0B3F5A02F11D1504AD2F8E83003F0A6
:106430004043126812F0020F2DD063BB4B4B1B6818
:10644000C3F3C1034A48D840FEF7D8BE0020FEF788
:10645000D5BE04A8FEF78CFC0498FEF7CFBE01A8B9
:10646000FEF792FD0398FEF7C9BE404BD3F8F0004B
:1064700010F002003EF4C2AE4FF40040FEF7BEBE84
:106480003A4BD3F8F00010F000603EF4B7AE4FF492
:10649000FA40FEF7B3BE354A126812F4007F03D00B
:1064A000B3F1804F00F05884304A126812F4003F74
:1064B00000F05584B3F1004F00F054840020FEF743
:1064C0009DBE2A4BD3F8DC3003F4E003B3F5401F44
:1064D00035D00DD8B3F5801F25D0B3F5001F28D0D7
:1064E0001BB9FDF7C7F9FEF789BE0020FEF786BE8F
:1064F000B3F5800F2ED0B3F5A00F11D11B4AD2F8FF
:10650000E83003F04043126812F0020F32D08BBB28
:10651000164B1B68C3F3C1031548D840FEF76EBE87
:106520000020FEF76BBE04A8FEF722FC0498FEF7DD
:1065300065BE01A8FEF728FD0398FEF75FBE0B4B72
:10654000D3F8F00010F002003EF458AE4FF40040D3
:10655000FEF754BE054BD3F8F00010F000603EF497
:106560004DAE4FF4FA40FEF749BE00BF000C0244A6
:106570000090D003994A126812F4007F03D0B3F15F
:10658000804F00F0F283954A126812F4003F00F049
:10659000EF83B3F1004F00F0EE830020FEF72EBE34
:1065A0008E4BD3F8DC3003F0E063B3F1407F35D09D
:1065B0000DD8B3F1807F25D0B3F1007F28D01BB96F
:1065C000FDF758F9FEF71ABE0020FEF717BEB3F12B
:1065D000806F2ED0B3F1A06F11D1804AD2F8E8308D
:1065E00003F04043126812F0020F2DD063BB7B4BC7
:1065F0001B68C3F3C1037A48D840FEF7FFBD0020F3
:10660000FEF7FCBD04A8FEF7B3FB0498FEF7F6BD49
:1066100001A8FEF7B9FC0398FEF7F0BD6F4BD3F865
:10662000F00010F002003EF4E9AD4FF40040FEF738
:10663000E5BD6A4BD3F8F00010F000603EF4DEAD2B
:106640004FF4FA40FEF7DABD644A126812F4007F94
:1066500003D0B3F1804F00F09183604A126812F4C6
:10666000003F00F08E83B3F1004F00F08D830020D7
:10667000FEF7C4BD0020FEF7C1BDB3F1804F2ED0A0
:10668000B3F1A04F11D1554AD2F8E83003F040439E
:10669000126812F0020F2DD063BB504B1B68C3F37E
:1066A000C1034F48D840FEF7A9BD0020FEF7A6BDA4
:1066B00004A8FEF75DFB0498FEF7A0BD01A8FEF755
:1066C00063FC0398FEF79ABD444BD3F8F00010F03A
:1066D00002003EF493AD4FF40040FEF78FBD3F4BF8
:1066E000D3F8F00010F000603EF488AD4FF4FA40AB
:1066F000FEF784BD394A126812F4007F03D0B3F16B
:10670000804F00F04483354A126812F4003F00F0D5
:106710004183B3F1004F00F040830020FEF76EBDCF
:106720002E4AD2F8E83003F44073126812F4003FA6
:1067300002D0002B00F03483B3F5807F05D0B3F591
:10674000007F08D00020FEF759BD07A8FEF704FA25
:106750000898FEF753BD04A8FEF70AFB0598FEF75C
:106760004DBD2048FEF74ABD07A8FEF7F5F9089889
:10677000FEF744BD04A8FEF7FBFA0498FEF73EBD01
:1067800001A8FEF701FC0198FEF738BD134AD2F8C4
:10679000E83003F04043126812F0020F08D03BB912
:1067A0000E4B1B68C3F3C1030D48D840FEF726BD4E
:1067B0000A4A126812F4007F03D0B3F1804F00F050
:1067C000F582064A126812F4003F00F0F282B3F13B
:1067D000004F00F0F1820020FEF710BD000C0244D3
:1067E0000090D0030080BB00A84BD3F8E03003F04A
:1067F0003803202B00F2E382DFE813F02400E102EB
:10680000E102E102E102E102E102E1022A00E10229
:10681000E102E102E102E102E102E1023000E10213
:10682000E102E102E102E102E102E1022100E10212
:10683000E102E102E102E102E102E10236009448F4
:10684000FEF7DCBC07A8FEF787F90898FEF7D6BC70
:1068500004A8FEF78DFA0498FEF7D0BC01A8FEF755
:1068600093FB0198FEF7CABC884AD2F8E83003F0DF
:106870004043126812F0020F08D03BB9834B1B68EB
:10688000C3F3C1038348D840FEF7B8BC7F4A1268FF
:1068900012F4007F03D0B3F1804F00F09D827B4A59
:1068A000126812F4003F00F09A82B3F1004F00F03A
:1068B00099820020FEF7A2BC744BD3F8E03003F4B9
:1068C000E073802B2DD017D9C02B00F08E82B3F54A
:1068D000807F1DD16D4AD2F8E83003F04043126842
:1068E00012F0020F23D013BB684B1B68C3F3C10324
:1068F0006848D840FEF782BC6BB1402B05D104A894
:10690000FEF736FA0498FEF779BC0020FEF776BC55
:106910000020FEF773BC07A8FEF71EF90898FEF7E3
:106920006DBC01A8FEF730FB0198FEF767BC574A23
:10693000126812F4007F03D0B3F1804F00F0588248
:10694000524A126812F4003F00F05582B3F1004F32
:1069500000F054820020FEF751BCFCF779FFFEF7EF
:106960004DBC04A8FEF704FA0598FEF747BC01A841
:10697000FEF70AFB0298FEF741BC444B1B68C3F3C9
:10698000C1034448D840FEF739BC404BD3F8E0304F
:1069900013F4E0432DD03D4A126812F0006F02D08C
:1069A000B3F5805F29D0394A126812F0005F02D037
:1069B000B3F5005F27D0354A126812F0020F02D0FB
:1069C000B3F5405F25D0314A126812F4007F03D03E
:1069D000B3F5804F00F01E822C4A126812F4003F7B
:1069E00000F01B82B3F5A04F00F01A820020FEF7E2
:1069F00005BCFCF73FFFFEF701BC04A8FEF7B8F9A1
:106A00000598FEF7FBBB01A8FEF7BEFA0298FEF759
:106A1000F5BB1E4B1B68C3F3C1031E48D840FEF7ED
:106A2000EDBBFCF715FFFEF7E9BB04A8FEF7A0F9E4
:106A30000598FEF7E3BB01A8FEF7A6FA0298FEF759
:106A4000DDBB124B1B68C3F3C1031248D840FEF7ED
:106A5000D5BB0E4BD3F8E43003F00303032B00F255
:106A6000EB81DFE803F002060C19FCF783FBFEF76D
:106A7000C5BB07A8FEF770F80898FEF7BFBB04A8CF
:106A8000FEF776F90698FEF7B9BB00BF000C02448A
:106A90000080BB000090D003CA4AD2F8E83003F06F
:106AA0004043126812F0020F08D03BB9C54B1B6877
:106AB000C3F3C103C448D840FEF7A0BBC14A126863
:106AC00012F4007F03D0B3F1804F00F0B881BD4ACB
:106AD000126812F4003F00F0B581B3F1004F00F0EE
:106AE000B4810020FEF78ABBB64AD2F8E83003F042
:106AF0003003126812F4005F02D0002B00F0B7815F
:106B0000B04A126812F0007F01D0102B15D0AD4AA8
:106B1000D2F8F02012F0020F02D0202B00F0AA8150
:106B2000A84AD2F8F02012F0006F00F0A781302BB5
:106B300000F0A7810020FEF761BB07A8FEF70CF864
:106B40000898FEF75BBB9F4BD3F8E43003F03003AB
:106B5000102B12D09B4A126812F0005F01D0202B3C
:106B600011D0984A126812F4005F00F08E81302B29
:106B700000F08E810020FEF741BB07A8FDF7ECFF77
:106B80000898FEF73BBB01A8FEF7FEF90298FEF756
:106B900035BB4FF4004070474FF4FA407047002077
:106BA00070470020FEF72ABB8848FEF727BB8848BD
:106BB000FEF724BB0020FEF721BB8648FEF71EBB74
:106BC0008248FEF71BBB8248FEF718BB0020FEF789
:106BD00015BB8048FEF712BB7D48FEF70FBB0020B7
:106BE000FEF70CBB4FF40040FEF708BB7848FEF7F9
:106BF00005BB0020FEF702BB4FF40040FEF7FEBAD3
:106C00007348FEF7FBBA0020FEF7F8BA4FF40040D5
:106C1000FEF7F4BA6E48FEF7F1BA0020FEF7EEBABE
:106C20004FF40040FEF7EABA6948FEF7E7BA0020E1
:106C3000FEF7E4BA4FF40040FEF7E0BA6448FEF70E
:106C4000DDBA0020FEF7DABA4FF40040FEF7D6BAFC
:106C50005F48FEF7D3BA0020FEF7D0BA4FF40040E9
:106C6000FEF7CCBA5A48FEF7C9BA0020FEF7C6BAFA
:106C70004FF40040FEF7C2BA5548FEF7BFBA0020F5
:106C8000FEF7BCBA4FF40040FEF7B8BA5048FEF722
:106C9000B5BA0020FEF7B2BA4FF40040FEF7AEBA24
:106CA0004B48FEF7ABBA0020FEF7A8BA4FF40040FD
:106CB000FEF7A4BA4648FEF7A1BA0020FEF79EBA36
:106CC0004FF40040FEF79ABA4148FEF797BA002009
:106CD000FEF794BA4FF40040FEF790BA3D48FEF735
:106CE0008DBA0020FEF78ABA3948FEF787BA4FF40A
:106CF0000040FEF783BA0020FEF780BA4FF4FA4056
:106D0000FEF77CBA0020FEF779BA3148FEF776BA72
:106D10000020FEF773BA2E48FEF770BA0020FEF787
:106D20006DBA2B48FEF76ABA0020FEF767BA28480A
:106D3000FEF764BA2648FEF761BA0020FEF75EBA95
:106D40002448FEF75BBA2248FEF758BA0020FEF747
:106D500055BA2048FEF752BA1D48FEF74FBA002038
:106D6000FEF74CBA1B48FEF749BA1948FEF746BA77
:106D70000020FEF743BA1748FEF740BA1448FEF762
:106D80003DBA0020FEF73ABA1248FEF737BA10486B
:106D9000FEF734BA0020FEF731BA0E48FEF72EBADD
:106DA0000C48FEF72BBA0020FEF728BA0848FEF779
:106DB00025BA0020FEF722BA0648FEF71FBA0020C7
:106DC000FEF71CBA000C02440090D0030080BB0008
:106DD00000093D0040787D012F48FEF70FBA0020E2
:106DE000FEF70CBA2D48FEF709BA2D48FEF706BA91
:106DF0002948FEF703BA0020FEF700BA2748FEF73D
:106E0000FDB92548FEF7FAB90020FEF7F7B9234887
:106E1000FEF7F4B92048FEF7F1B90020FEF7EEB90D
:106E20001E48FEF7EBB91C48FEF7E8B90020FEF754
:106E3000E5B91A48FEF7E2B90020FEF7DFB91648B7
:106E4000FEF7DCB90020FEF7D9B91448FEF7D6B931
:106E50004FF40040FEF7D2B94FF4FA40FEF7CEB936
:106E60000020FEF7CBB948F21200FEF7C7B90D4873
:106E7000FEF7C4B94FF40040FEF7C0B90020FEF79A
:106E8000BDB94FF4FA40FEF7B9B90020FEF7B6B924
:106E90000448FEF7B3B9704700093D0040787D0112
:106EA0000080BB00006CDC02F0B5002267E0866861
:106EB0002E40CC6804FA0EF434438460466826EA17
:106EC0000C064C68C4F300149440344344604C688E
:106ED00004F00304032C00F09380C46825408C6800
:106EE00004FA0EF42C43C4604C6814F0805F45D063
:106EF0009508464F183557F8254002F00306F6006E
:106F00004FF00F0C0CFA06FC24EA0C0C404C04EA7F
:106F10009024B44044EA0C0447F825403D68DC4323
:106F200025EA03064F6817F4801F01D043EA0506DF
:106F3000364D2E606D6804EA05064F6817F4001F91
:106F400001D043EA0506314D6E60D5F8845004EA5D
:106F500005064F6817F4003F01D043EA05062B4DA4
:106F6000C5F88460D5F880502C404E6816F4803FF8
:106F700001D043EA0504254BC3F8804001320B6879
:106F800033FA02F441D04FF0010C0CFA02FC1CEA77
:106F90000303F3D04C68022C01D0122C14D1D50875
:106FA000083550F8254002F00706B6004FF00F0EE6
:106FB0000EFA06FE24EA0E0E0C6904F00F04B4402B
:106FC00044EA0E0440F8254006684FEA420E0324C6
:106FD00004FA0EF4E54326EA04064C6804F00304C0
:106FE00004FA0EF4344304604C68661E012E7FF6EA
:106FF0005EAF112C3FF45BAF122C7FF468AF56E705
:107000008C68012C7FF469AF6EE7F0BD002002446C
:107010007F7F2F00002808DB0901C9B200F1604022
:1070200000F5614080F80013704700F00F0009017F
:10703000C9B2014B1954704714ED00E000B500F0DF
:107040000700C0F1070CBCF1040F28BF4FF0040C7F
:10705000031D062B0FD9C31E4FF0FF3E0EFA0CF096
:1070600021EA000199400EFA03FE22EA0E0241EAEB
:1070700002005DF804FB0023EEE70000074AD36836
:1070800023F4E0631B041B0C000200F4E0600343E4
:1070900043F0BF6343F40033D360704700ED00E07A
:1070A00010B50446054BD868C0F30220FFF7C6FFB1
:1070B00001462046FFF7AEFF10BD00BF00ED00E027
:1070C0000138B0F1807F09D24FF0E02358610020F1
:1070D00098611A6942F003021A61704701207047F3
:1070E000042838D8DFE800F00A18283703004FF0EA
:1070F000E022136943F00403136170474FF0E0226C
:10710000136923F004031361134AD2F8E43023F027
:107110000C03C2F8E43070474FF0E022136923F00B
:10712000040313610C4AD2F8E43023F00C0343F05B
:107130000403C2F8E43070474FF0E022136923F0F3
:1071400004031361044AD2F8E43023F00C0343F043
:107150000803C2F8E4307047000C02444FF0E0230B
:10716000186910F004000AD1074BD3F8E43003F09B
:107170000C03042B05D0082B04D1022070470420F7
:1071800070470120704700BF000C0244074B1B688A
:1071900013F0010F07D1054A136823F004030343DA
:1071A0001360002070470120704700BF00040340B7
:1071B000034A136843F0010313600020704700BFC7
:1071C00000040340026852E8003F23F4907342E851
:1071D00000310029F6D1026802F1080353E8003FAC
:1071E00023F0805323F00103083242E800310029E4
:1071F000F1D1C36E012B06D02023C0F88C300023C0
:10720000C36643677047026852E8003F23F01003EB
:1072100042E800310029F6D1EEE7000070B50446DF
:10722000016883680269134342691343C2691343C7
:107230000868834A02401A430A602268536823F4AC
:107240004053E1680B435360A16922687D4B9A4229
:1072500005D003F180539A4201D0236A1943936801
:1072600023F06E4323F430630B4393602268D36AA8
:1072700023F00F03616A0B43D3622368724A93427F
:1072800033D0A2F57442934258D002F58062934203
:1072900056D002F58062934254D002F58062934248
:1072A00052D002F5A052934250D002F5A052934220
:1072B0004ED002F5806293424CD002F58062934238
:1072C0004AD0A2F5C052934249D002F5806293425F
:1072D00048D002F5C052934247D05A4A934201D057
:1072E000002003E04FF4805000E00120554A934213
:1072F0003ED002F1805293423AD0E369B3F5004F99
:1073000065D00021FDF74CFF002800F09480616AF1
:107310004E4A32F81120B0FBF2F3626803EB5203DD
:10732000B3FBF2F3A3F110014FF6EF72914200F2BA
:10733000848022689BB2D360002069E00220D5E7F8
:107340000420D3E70820D1E71020CFE72020CDE7A5
:107350004020CBE78020C9E74FF48070C6E74FF4A8
:107360000070C3E74FF48060C0E74FF40060BDE7F2
:107370000021FDF715FF0146002848D0626A334B13
:1073800033F81220B0FBF2F3656805EB4500984234
:1073900047D8B3EB053F46D800263346084631466A
:1073A000F9F750FD090241EA106100026B08C018AC
:1073B0002A46334641F10001F9F744FDA0F5407239
:1073C000234B9A4231D82368D860304620E0002110
:1073D000FDF7E6FE58B3616A1C4A32F81120B0FB93
:1073E000F2F261684B0803EB4203B3FBF1F3A3F144
:1073F00010014FF6EF7291421BD89AB222F00F02A1
:10740000C3F3420313432268D360002000E000204E
:107410000123A4F86A30A4F8683000236367A367E7
:1074200070BD0120F4E70120F2E70120F0E7002021
:10743000EEE70120ECE70020EAE70120E8E700BFE3
:10744000F369FFCF002400440038014018F600081B
:10745000FFFC0F00836A13F0080F06D00268536820
:1074600023F40043816B0B435360836A13F0010FD5
:1074700006D00268536823F40033C16A0B4353609B
:10748000836A13F0020F06D00268536823F4803336
:10749000016B0B435360836A13F0040F06D002683C
:1074A000536823F48023416B0B435360836A13F0CA
:1074B000100F06D00268936823F48053C16B0B430E
:1074C0009360836A13F0200F06D00268936823F458
:1074D0000053016C0B439360836A13F0400F0AD092
:1074E0000268536823F48013416C0B435360436C70
:1074F000B3F5801F0BD0836A13F0800F06D00268AB
:10750000536823F40023C16C0B4353607047026837
:10751000536823F4C003816C0B435360EBE72DE900
:10752000F84305460E4617469946DDF820802B683D
:10753000DC6936EA04040CBF01240024BC4236D1C5
:10754000B8F1FF3FF3D0FBF7D7FBA0EB09004045B4
:1075500030D8B8F1000F2FD02B681A6812F0040F42
:10756000E5D0802EE3D0402EE1D0DA6912F0080F8A
:1075700011D1DA6912F4006FD9D04FF400621A62A7
:107580002846FFF71FFE2023C5F89030002385F81A
:10759000843003200CE008241C622846FFF712FE0A
:1075A000C5F89040002385F88430012000E00020D9
:1075B000BDE8F8830320FBE70320F9E72DE9F0415C
:1075C00082B01E46D0F88830202B62D104460D468A
:1075D0009046002961D0002A61D003689A6812F0B1
:1075E000800F03D09A6822F080029A600023C4F8CA
:1075F00090302123C4F88830FBF77EFB0746A4F8BF
:107600005480A4F85680A368B3F5805F02D04FF091
:10761000000816E0236943B34FF0000811E020236F
:10762000C4F88830032035E038F8023B2268C3F301
:1076300008039362B4F8562092B2013A92B2A4F8C9
:107640005620B4F856309BB293B100963B460022C8
:1076500080212046FFF763FF0028E0D1002DE3D012
:1076600015F8012B23689A62E4E7A8460025E8E7AD
:1076700000963B46002240212046FFF750FF18B9F4
:107680002023C4F8883005E02023C4F88830032084
:1076900000E0022002B0BDE8F0810120FAE70120FD
:1076A000F8E730B583B004460023C0F89030FBF70C
:1076B00023FB05462268126812F0080F10D12368D8
:1076C0001B6813F0040F28D12023C4F88830C4F8B5
:1076D0008C300020E066206784F8840003B030BD61
:1076E0006FF07E430093034600224FF400112046C2
:1076F000FFF715FF0028E2D0226852E8003F23F090
:10770000800342E800310029F6D12023C4F88830F4
:10771000002384F884300320E0E76FF07E43009379
:107720002B4600224FF480012046FFF7F8FE002888
:10773000CAD0226852E8003F23F4907342E8003137
:107740000029F6D1226802F1080353E8003F23F034
:107750000103083242E800310029F3D12023C4F8A4
:107760008C30002384F884300320B7E778B310B559
:107770000446D0F888300BB32423C4F8883022683C
:10778000136823F001031360A36AE3B92046FFF7EF
:1077900045FD012811D02268536823F490435360BB
:1077A0002268936823F02A0393602268136843F0E9
:1077B000010313602046FFF774FF10BD80F884308A
:1077C00000F0D2F8D8E72046FFF744FEDEE70120BC
:1077D00070470000436E2BB90123A0F86A30A0F86F
:1077E0006830704730B403689A68C2F3426299689F
:1077F000490F094D6B5CDB00084C615C93FBF1F3B6
:10780000A0F86A30AB5CDB00A25C93FBF2F3A0F85B
:10781000683030BC704700BF38F6000830F600080A
:1078200090F88430012B18D0012380F88430242371
:10783000C0F8883003681A68196821F001011960DE
:1078400022F000520023436601680A602022C0F83B
:10785000882080F88430184670470220704738B579
:1078600090F88430012B1DD00446012380F8843029
:107870002423C0F8883003681D681A6822F00102CA
:107880001A600268936823F0604319439160FFF720
:10789000A1FF23681D602023C4F88830002084F8ED
:1078A000840038BD0220FCE738B590F88430012B05
:1078B0001DD00446012380F884302423C0F888308A
:1078C00003681D681A6822F001021A600268936852
:1078D00023F0606319439160FFF77CFF23681D600C
:1078E0002023C4F88830002084F8840038BD0220AA
:1078F000FCE708B500F012F808BD08B500F094F8F0
:1079000008BD08B500F094F808BD08B500F084F88B
:1079100008BD08B500F084F808BD000038B5104C6B
:10792000104B23604FF4E13363600025A560E560F0
:1079300025610C236361A561E56125626562A5622D
:107940002046FFF713FF29462046FFF788FF294608
:107950002046FFF7A9FF2046FFF762FF38BD00BFB2
:10796000180C00200038014010B5CAB004460021B0
:10797000459146914791489149914FF4847202A8EC
:1079800000F02EFF22681A4B9A4201D04AB010BD77
:1079900001220023CDE9022302A8FCF759F8154B78
:1079A000D3F8A42042F48042C3F8A420D3F8A42042
:1079B00002F480420092009AD3F88C2042F0010237
:1079C000C3F88C20D3F88C3003F001030193019BA2
:1079D0004FF4C06345930223469300234793489393
:1079E0000723499345A90448FFF75EFACEE700BF95
:1079F00000380140000C02440000024210B5144659
:107A0000034B92B20348FFF7D9FD204610BD00BFDB
:107A1000FFFF0F00180C002008B5FBF73DF908BD6B
:107A200000487047E12C000808B5F9F70FFD08BDC4
:107A300010B59EB0502200210AA800F0D1FE00230C
:107A40000493059306930793089309932D4B1A69A2
:107A500042F030021A611B6903F030030193019B6D
:107A6000284B5B6913F0080FFAD010230A934FF4E8
:107A7000807311932023129302231493159316936A
:107A8000FA221792189319931A9304231B93002434
:107A90001C941D940AA8FBF783FB1F230493032364
:107AA00005930694079408940994052104A8FBF70C
:107AB00015FA154A136823F0300343F020031360CE
:107AC000124BD3F88C2042F08002C3F88C20D3F8FC
:107AD0008C2002F080020292029AD3F88C2042F0AD
:107AE0000102C3F88C20D3F88C3003F00103039318
:107AF000039B2046FFF74AFBFFF75AFB20461EB0C8
:107B000010BD00BF0008024400200240000C0244E7
:107B100018B108B500F011F808BD0020704718B181
:107B200008B500F00EF808BD704708B500F00EF873
:107B300008BD08B500F00EF808BD08B5FAF7E0FB7F
:107B400008BD08B5FAF7EEFB08BD00000048704715
:107B5000992B000808B5FBF727F808BD08B5FAF718
:107B60006DFF08BD08B5FAF775FF08BD10B5002414
:107B700001E00134E4B2012C06D8044B53F8243060
:107B8000002BF6D09847F4E710BD00BFAC0C0020E6
:107B900008B5FFF7B2FE08BD124B134A03E052F8D6
:107BA000041B43F8041B11498B42F8D3104B114AB4
:107BB00003E052F8041B43F8041B0F498B42F8D32F
:107BC0000E4B02E0002243F8042B0D4A9342F9D3F6
:107BD0000C4B02E00C4A43F8042B0C4A9342F9D3B5
:107BE000704700BF00000020A4F800081009002022
:107BF00010090020B401010810090020100900201C
:107C00000C12002010220520EFBEADDE1032052040
:107C10000023012B0AD8064A52F8232012B101335F
:107C2000DBB2F6E7024A42F823007047704700BF14
:107C3000AC0C002008B5FFF778FFFFF7E9FF08BD9F
:107C400008B500F02DF806490E2000F033F8FFF7D4
:107C500060FEFFF7DDFFFFF758FEFFF752FE08BD9D
:107C60006D7B000808B50248FFF763FF08BD00BF41
:107C7000357C000808B5F9F765FE08BD08B5FFF7C3
:107C8000DFFFFFF7EFFFFFF7F5FF08BD08B5034B78
:107C900053F8203003B1984708BD00BFB40C002052
:107CA00008B54FF412720021014800F099FD08BD9B
:107CB000B40C0020014B43F820107047B40C002096
:107CC00008B5FFF7E3FF08BD08B50E20FFF7DEFF9C
:107CD00008BD0120704708B500F0D0FD16230360F1
:107CE0004FF0FF3008BD08B54FF0FF31FFF7F3FF4D
:107CF000FEE770B50C461646002506E0AFF300809F
:107D0000214601F8010B01350C46B542F6DB304641
:107D100070BD4FF0FF3070474FF400534B600020B0
:107D200070470120704700207047000008B50346E7
:107D3000074A10680344074A934202D8044A136072
:107D400008BD00F09BFD0C2303604FF0FF30F7E708
:107D5000940000201052002008B50846FFF7E6FF07
:107D600008BD08B5FFF7FAFE08BD08B5FFF7FAFE33
:107D700008BD0000000000002DE9F04387B0FFF7C8
:107D8000B8FD714800F056FC704A7149531A7148A9
:107D900000F0DEFB704A7149531A714800F0D8FBBD
:107DA000704B714A934206D21968704A914240F072
:107DB00087800433F5E70123002B00F083806C49B2
:107DC000694B684A6B4800F0C3FB142000F0F4F8DC
:107DD00004460146684800F0BBFB14B1204600F0A1
:107DE000F3F83220FFF794FE04460146634800F0A2
:107DF000AFFB14B12046FFF792FE4FF4806000F015
:107E0000DBF8044601465E4800F0A2FB14B12046B0
:107E100000F0DAF85B4800F00DFC3DA5D5E900451F
:107E2000CDE9004522462B46574800F091FB3AA782
:107E3000D7E90067CDE9006732463B46534800F07A
:107E400087FBCDE9006722462B46514800F080FBB6
:107E500033A3D3E90023CDE902230FF2CC09D9E9FA
:107E60000089CDE9008922462B464A4800F070FB84
:107E70002FA3D3E90023CDE90423CDE902672EA384
:107E8000D3E90023CDE9002322462B46424800F0E7
:107E90005FFBCDE904890022404BCDE9022328A3F2
:107EA000D3E90023CDE9002322462B463C4800F0CD
:107EB0004FFB142000F080F80446F8B1002310E0D6
:107EC000002379E737497BE704EB830207EE903A1A
:107ED000F8EEE77A9FED347A67EE877AC2ED007AA2
:107EE0000133042BF0DDE068F8F77CFC02460B461A
:107EF0002E4800F02DFB204600F066F82C4800F0DC
:107F000099FB2C4800F096FBFEE700BFAFF3008022
:107F100000000060FB2109406957148B0ABF05402F
:107F20000000000083701740000000800ABF054079
:107F30000740559AEC2CEDBF000000C0A57777BE36
:107F4000000000A0F85BFC3F30F100081052002058
:107F50001012002058F10008102205201072002095
:107F60008CF100081022052010320520EFBEADDE96
:107F700020F10008C8F10008FCF1000818F2000820
:107F800030F2000844F2000864F2000878F20008B9
:107F900090F20008A4F20008BCF200080000F03FD4
:107FA000D8F2000824F10008DB0F4940F8F200087D
:107FB00008F3000828F30008024B0146186800F097
:107FC0000BB800BFB4040020024B0146186800F053
:107FD00033BD00BFB404002001F10B03162B2DE9C3
:107FE000F04F074683B023D8102900F2AF80FFF787
:107FF000B8FE102518230220BA4E33445C68A3F162
:108000000802944200F056816368384623F0030367
:10801000D4E902122344CA6091605A68083442F0DD
:1080200001025A60FFF7A1FE204603B0BDE8F08FC1
:10803000002B23F00705C0F28980A94200F2868058
:10804000FFF78FFEB5F5FC7FC0F07B826B0A00F076
:108050008480042B00F26281AB0903F1390003F143
:10806000380EC3009F4E3344A3F1080C5C68A4454E
:1080700007D10DE0002AE16880F216818C450C469C
:1080800006D0636823F003035A1B0F2AF2DD704603
:10809000DFF868823469444500F0F280636823F0B9
:1080A000030CACEB05030F2B00F37481002BC6E926
:1080B000048880F26381BCF5007FD6F804E080F08C
:1080C000FF804FEADC0301224FEA5C1C013302FA15
:1080D0000CF256F833104EEA020E06EBC302083AD1
:1080E000C6F804E0C4E9021246F83340CC608310BD
:1080F0004FF0010C0CFA03FCF44534D81CEA0E0FC7
:1081000007D120F003004FEA4C0C04301CEA0E0F9C
:10811000F9D006EBC00A8146D646DEF80C300BE0FB
:108120005A681C46DB6822F00302511B0F2900F33A
:108130000181002980F215819E45F1D109F10109E3
:108140000EF1080E19F0030FE7D158E10C233B6044
:108150000024204603B0BDE8F08F4FF400734020A8
:108160004FF03F0E7EE7B468636823F00309A9452A
:10817000A9EB050302D30F2B00F385805A4B08208F
:108180001B6803F1100804EB0903009300F07CFB6B
:10819000564AA84483461368013305D008F1FF38D6
:1081A0004342804403EA080841463846FFF7D4FDBD
:1081B000B0F1FF3F82464D4A00F0078104EB09030E
:1081C000834200F200814A4B0BF1FF3C18684044A7
:1081D000186000F064811168013100F06C8104EBDB
:1081E0000902AAEB020202441A601AF00702CDE962
:1081F000002300F02781C2F10802384692445A4415
:10820000D04408EA0C01521A02EA0C0B5946FFF757
:10821000A3FD421C019B00F06A81A0EB0A0000EB69
:108220000B08186848F00102B442C6F808A0584488
:10823000CAF80420186017D0B9F10F0F40F23E8140
:108240006168A9F10C024FF0050C22F0070201F061
:10825000010111430F2A616004EB0201C1E901CC65
:1082600000F24D81DAF80420224B5446196881420D
:1082700038BF1860204B1968814238BF1860A6E0EB
:10828000D6F804E033E7621945F0010543F0010335
:10829000083444F8045C3846B2605360FFF765FD6B
:1082A000204603B0BDE8F08FA26823443846D16071
:1082B0008A60B2E6DC68A3427FF4A6AE0230E7E64D
:1082C000BCF5206F4FEA5C2276D3142A00F2CD80F1
:1082D00002F15C035B32DB00F118F3580839994274
:1082E00011D1A5E0A00000202C0F00209800002054
:1082F000FC0E0020280F0020240F0020A8000020E2
:108300009B68994204D05A6822F003026245F7D86C
:10831000D968C4E902318C60DC60E8E6142B63D9CB
:10832000542B00F2AB802B0B03F16F0003F16E0EA8
:10833000C30097E6D4F808C03846671945F0010530
:108340006560CCF80C30C3F808C041F00103C6E901
:108350000477C7E902887B60A1500834FFF705FD68
:10836000F7E622443846516841F00101516054F863
:10837000082FD3609A60FFF7F8FCEAE6A444384679
:108380000834DCF8043043F00103CCF80430FFF784
:10839000ECFCDEE6621943F0010145F001053846C8
:1083A0006560C6E90422C2E90288516044F80C30D5
:1083B0000834FFF7DAFCCCE64FEA9C1202F13903ED
:1083C0003832DB0088E7B44262D0B468626822F0D9
:1083D0000308A845A8EB050302D30F2B3FF753AFC3
:1083E0003846FFF7C2FCB3E603F15C0003F15B0E15
:1083F000C30037E65AF80839534540F0A08010F022
:10840000030F00F1FF30F5D1736823EA0C037360AA
:108410004FEA4C0C0CF1FF329A4204D3A3E64FEA28
:108420004C0C09F104091CEA030FF8D0484670E629
:1084300092104FF0010C0CFA02F24EEA020EC6F84E
:1084400004E066E70AEB0802384602EA0C02ABEBEE
:10845000020B0BEA0C0B5946FFF77EFC431C019BF9
:108460007FF4DBAEDDF800B0DBE6542A2AD84FEA11
:108470001C3202F16F036E32DB002DE7B3F5AA7FE9
:108480002AD8EB0B03F1780003F1770EC300E9E57E
:108490002E4B0BF1FF3C1868404418609BE61AEA2B
:1084A0000C0F7FF498AEC844D6F808A048F001023B
:1084B000CAF80420D8E6C2F800A096E60123CAF85C
:1084C00004308DE7B2F5AA7F24D84FEADC3202F1FE
:1084D00078037732DB00FFE640F25452934224D80F
:1084E000AB0C03F17D0003F17C0EC300BAE5009AEA
:1084F0004FF0000B083A9044A8EB0A0891E6384682
:1085000004F10801009300F097FA009BD6F808A048
:108510001868A7E640F254539A420CD84FEA9C429E
:1085200002F17D037C32DB00D6E64FF47E737F20C0
:108530004FF07E0E96E54FF47E737E22CCE6736894
:1085400066E7E80805F1080356E500BFFC0E0020C9
:108550000FB4084900B583B0086804AB816853F8CC
:10856000042B019300F05CFB03B05DF804EB04B056
:10857000704700BFB404002030B5054689B00846F6
:108580000C4600F0BFF92A4B01220494069304AB79
:1085900081180792019302226B6BAC680590CDE9BC
:1085A0000221002B40D0636EB4F90C20D8071AD5F5
:1085B000910421D442F4005223F40053A281636653
:1085C000284601AA214602F0D1FC0028636E14BFA0
:1085D0004FF0FF350A25DA0702D4A3899B0510D591
:1085E000284609B030BD900511D59104E2D59B0411
:1085F000E6D54FF0FF35F0E79B04E1D54FF0FF35AE
:10860000EEE7A06D00F07CF9284609B030BDA06D02
:1086100000F074F9B4F90C20636E9004CAD5990483
:10862000CED54FF0FF35D6E7284600F0AFF8BAE7D1
:1086300074F20008024B01461868FFF79DBF00BFA7
:10864000B4040020024A0349034802F005BE00BFFB
:10865000A804002031B60008B80400200C4B416883
:10866000994210B5044601D002F0E2FFA168094B1F
:10867000994202D0204602F0DBFFE168064B9942A6
:1086800004D02046BDE8104002F0D2BF10BD00BFAC
:10869000300F0020980F0020001000202DE9F84333
:1086A000314A0025314C04233149DFF8D89004F1D8
:1086B0005C00DFF8D4802F4F2F4E1160294608222E
:1086C00025606566C4E90335C4E90155C4E905556B
:1086D00000F086F804F15800E662C4E90749C4E9ED
:1086E000098700F007F9254B2946082204F1C40048
:1086F00063672567C4F8CC50C4F88050C4E91A55A4
:10870000C4E91E5500F06CF804F1680304F1C000E0
:10871000C4F88430C4E92298C4E9247600F0EAF869
:10872000174B294604F596700822C4F8DC30C4F8CB
:10873000D850C4F83451C4F8E850C4E93455C4E9F9
:10874000385500F04DF804F1D00304F59470C4F8E6
:10875000F090C4F8FC60C4F8EC30C4E93D87BDE893
:10876000F84300F0C7B800BF68100020300F0020A9
:1087700045860008E1B8000809B9000809000100B1
:10878000120002007DB80008A1B8000810B5044628
:108790000A4800F0B3F8636B23B9094B094A1B6818
:1087A000626323B10548BDE8104000F0A9B8FFF7A7
:1087B00075FF0248BDE8104000F0A2B8701000201C
:1087C000681000205D860008014800F097B800BFDF
:1087D00070100020014800F093B800BF7010002016
:1087E000830730B546D08418844604E003F8011BA3
:1087F0009D0704D09C46A4456346F7D130BD013A9D
:108800000244A2EB0C02032A29D9CCB20F2A04EBB2
:10881000042404EB04442FD9A2F1100C03F1100539
:108820002CF00F0CAC44C3E90044C3E902441033FC
:108830006345F8D112F00C0F02F00F0E18D02EF095
:10884000030CAEF104051A469C4442F8044B624501
:10885000FBD125F0030404330EF003022344002A65
:10886000CCD0C9B21A4403F8011B9342FBD130BDEE
:108870007246F4E70346C6E79646E0E7014B186800
:10888000704700BFB4040020082802D14FF4805084
:10889000704708B5FFF7F2FF162203464FF0FF308E
:1088A0001A6008BD0F4B70B50F4DAB42A3EB050628
:1088B00007D0B6100024013455F8043B9847A6426F
:1088C000F9D80A4D06F0FEFB094B5E1BAB424FEA9E
:1088D000A60606D00024013455F8043B9847A6426A
:1088E000F9D870BD98F8000898F8000898F80008C2
:1088F000A0F80008704700BF704700BF704700BF76
:10890000704700BF20F0030110F00300C0F1000029
:1089100051F8043B00F1040C4FEACC0C6FF000025C
:108920001CBF22FA0CF213434FF0010C4CEA0C2C42
:108930004CEA0C4CA3EB0C0222EA030212EACC1222
:1089400004BF51F8043B0430F4D0C2F1000102EA44
:108950000102B2FA82F2C2F11F0200EBD2007047AC
:10896000024B13B1024800F005B870470000000048
:1089700061BC0008002301461A46184603F0F6B908
:108980002DE9F8430646DFF8AC8008208946FFF75A
:108990007BFF05463046FFF7E4F9D8F808305F68FA
:1089A00027F00307A7F11104A4EB09042C44B4FB3E
:1089B000F5F4013C05FB04F4A54208DC0021304637
:1089C000FFF7CAF9D8F808303B44984205D0304642
:1089D000FFF7CBF90020BDE8F88361423046FFF78E
:1089E000BBF901300FD03F1B104AD8F80830304691
:1089F00047F001075F6013681B1B1360FFF7B5F9B1
:108A00000120BDE8F88300213046FFF7A5F9D8F82A
:108A10000820831A0F2BDADD43F00103034953606A
:108A2000034B1B68C01A0860D1E700BFFC0E002092
:108A300098000020A000002000295AD0F8B50C466C
:108A40000746FFF78EF9734D54F804CCA4F10802E1
:108A5000A8682CF001030CF0010ED1184E68884272
:108A600026F003067CD088194E60406800F00100B3
:108A7000BEF1000F2ED154F8084C05F1080C121B62
:108A800023449468644560D0D2F80CE0C4F80CE04C
:108A9000CEF8084000287DD043F0010050600B6004
:108AA000B3F5007F2ED25809D908012383406868A6
:108AB0000131034355F831006B6005EBC103083BFE
:108AC000C2E9020345F83120C2603846BDE8F840EB
:108AD000FFF74BB970B9334405F1080C886843F0CF
:108AE000010460456ED0C968C16088605460D3508D
:108AF000D6E770474CF00101B3F5007F44F8041C41
:108B0000D350D0D3B3F5206F4FEA532144D2990903
:108B100001F1390001F13804C100681869580838BA
:108B2000884203D155E08968884204D04C6824F01B
:108B300003049C42F7D8C868C2E902108260384634
:108B4000CA60BDE8F840FFF710B980BB1E44D1E908
:108B50000213CB60996046F0010353609651B4E76D
:108B60001E44BEF1000F07D154F8083CD21A1E442F
:108B7000D2E90213CB60996046F001035360264BA3
:108B8000AA601B68B342A0D8244B38461968FFF787
:108B9000F7FE9AE73344A1E714290DD954291FD8C9
:108BA000190B01F16F0001F16E04C100B5E743F04C
:108BB000010050600B6088E701F15C0001F15B048B
:108BC000C100AAE7C5E90422C2E902CC5460D3502F
:108BD0007BE7A4100123A3406C6823436B60ABE7E1
:108BE000B1F5AA7F06D8D90B01F1780001F177041D
:108BF000C10092E740F25450814206D8990C01F12D
:108C00007D0001F17C04C10087E74FF47E717E2472
:108C100083E700BFA00000209C0000202C0F002054
:108C20002DE9F04FDBB01C46824606910DF1A808F5
:108C300008920E9302F0BCFF036818461693FFF7E4
:108C400061FE0822159000214046FFF7C9FDBAF1E8
:108C5000000F04D0DAF83430002B01F0FE81069BBF
:108C60005A6EB3F90C30D00740F13881990400F105
:108C7000478743F40053069922F400528B811BB2BC
:108C80004A661D0740F1BC80069A1269002A00F06E
:108C9000B78003F01A020A2A00F0C1800023CDF841
:108CA00010A09E46CDE92F3331ABCDF85CE0CDF876
:108CB00060E01C462E93CDF824E0CDF844E09FED13
:108CC000927BCDE919EE8DED127B089E049F904BAF
:108CD000D3F8CC5102F066FF3246034626A9384647
:108CE000CDF80080A8470028034600F0B780C0F206
:108CF000AD80269A252A01D01E44E8E7089B054648
:108D0000F71A40F0AF8000234FF0FF32751C96F841
:108D100001908DF88F300A93079203930135A9F1E2
:108D200020035A2B00F2F680DFE813F09704F400DA
:108D3000F4008F04F400F400F4006D04F400F40077
:108D400052036403F4005D03AB04F400A3045B006E
:108D50005B005B005B005B005B005B005B005B003B
:108D6000F400F400F400F400F400F400F4006501F1
:108D7000F40096021604650165016501F400F40033
:108D8000F400F4000E04F400F400D703F400F4003F
:108D9000F400BE02F4004F04F400F4009A08F4005A
:108DA000F400F400F400F400F400F400F4006501B1
:108DB000F4009602BC016501650165014304BC0134
:108DC000B501F4003704F400C70396036A03B50144
:108DD000F400BE02B2010703F400F400C808F40076
:108DE000B201A9F13003002202EB820215F8019BC7
:108DF00003EB4202A9F13003092BF5D90A928EE761
:108E0000069D5046294602F083FD002841F0FF8769
:108E1000B5F90C3003F01A020A2A7FF43FAF069925
:108E2000B1F90E20002AFFF639AF4A6ED20702D4FC
:108E30009F0541F173832346089A0699504602F034
:108E400053F8099009985BB0BDE8F08F0822002123
:108E50004046FFF7C5FC01231E4438E7089B054642
:108E6000F71A11D0089B2F9AC4E900370132309BC2
:108E7000072A3B442F92309312DC0834099B3B4471
:108E80000993002D7FF43FAF309BDDF810A0002B3D
:108E900041F02C830022069B2F92B3F90C3011E095
:108EA0002EAA0699049802F0B3FB40B931ACE5E76D
:108EB000DA460B9B1BB10B995046FFF7BDFD069B95
:108EC000B3F90C30069A526ED40740F1D7805A0697
:108ED00000F12F8209985BB0BDE8F08F9F0540F14B
:108EE00018829E047FF5C5AE95047FF5CAAE069B39
:108EF0009B899E0500F11D82069B986DFFF700FD82
:108F000017E200BFAFF30080000000000000000087
:108F1000BC0600200895B9F1000FB5D0002301224E
:108F200041AF8DF804918DF88F300B930C9207931D
:108F300014930592CDE90F33039B309D13F0840306
:108F4000AE4600F0E9809DF88F20EAB12F98002608
:108F5000013001220135626007280DF18F02CDE951
:108F60002F05226000F35F8408346EB12F98013022
:108F700024AA0235226007284FF00202CDE92F050E
:108F8000626000F35D840834802B00F09783079BB8
:108F90000C9A9E1A002E00F3D080039BDB0500F193
:108FA00004810C9B27601D4463602F9B3095013327
:108FB000072B2F9300F3E5830834039B5E0705D549
:108FC0000A9B059A9E1A002E00F348840599DDE954
:108FD00009328A42ACBF9B185B180993002D40F000
:108FE000AA8300232F930B9B1BB10B990498FFF7C7
:108FF00023FD31AC69E60E9B4FF0FF320895073335
:1090000023F00701A34BB1EC027B57EC176B0E91D9
:1090100027F000418DED1C7A1D91DDE91CAB8DED33
:10902000127B50465946F7F7CFFE002840F01486D1
:109030004FF0FF32974B50465946F7F7A7FE0546CB
:10904000002840F00986039B00223046394623F071
:10905000800303930023F7F78FFE002841F0B283CB
:10906000B9F1470F9DF88F30CCBF8B4F8B4F002B42
:1090700041F0658503220B930C9258E799053FF563
:1090800026AF069CA06DFFF73BFCB4F90C301EE741
:1090900095F8009042E6039B95F8009043F020037A
:1090A00003933BE603990895880640F1B2850E9B31
:1090B0000391073323F007031A465B6852F8085BF5
:1090C0001E460E92002BC0F25982079A002AC0F267
:1090D0004981039B23F08003039355EA060340F084
:1090E0004181131E18BF0123002A40F03B811A461C
:1090F0000B939DF88F305AAF309D191E039BAE46DF
:10910000079218BF012113F084030C920591149269
:10911000CDE90F227FF417AF0A9A0599561A002E4F
:1091200000F3B8849DF88F20002A7FF40FAF079BCF
:109130000C9A9E1A002E7FF730AF102E2F9ADFF870
:1091400060A123DD29461023DDF810B0069D02E062
:10915000103E102E19DD013210315148072AC4E9A2
:109160000003CDE92F2104F10804F1DD2EAA2946E0
:10917000584631AC02F04CFA00287FF499AE103E0C
:109180001023102EDDE92F21E5DC0D460132354498
:10919000C4F800A0072A6660CDE92F2500F3A48457
:1091A000039B0834DB057FF5FCAEB9F1650F40F396
:1091B000F28200220023DDE91201F7F7D3FD002837
:1091C00000F08D832F9B0135364A013330952260A4
:1091D0000122072B2F93626000F35E870834259BE2
:1091E000119A934280F29084159B169A1D44C4E90B
:1091F00000232F9B30950133072B2F9300F39F867D
:109200000834119B5E1E002E7FF7D7AE102E2F9BC9
:10921000DFF88CA040F3AB821027DDF81090DDF86A
:1092200018B003E0103E102E40F3A1820133103538
:10923000072BC4E900A7CDE92F3504F10804F1DDBF
:109240002EAA5946484602F0E3F9002840F002876A
:1092500031ACDDE92F35E5E70E9BB9F1430F0895F9
:1092600003F1040500F08786039BDE0600F1838688
:109270000E9B41AF1B688DF80431012305930C93BD
:1092800000230E958DF88F300B9307931493CDE93F
:109290000F3351E6FFFFEF7F3CF3000838F300087F
:1092A00040F6000878F300080E9E0023089556F853
:1092B000047B8DF88F30002F00F04D86B9F1530FED
:1092C00000F0F686039B13F010030F9340F0F08636
:1092D000079B002BC1F214811A460F99384602F001
:1092E000D3FC9DF88F300B90002801F06A840B9A14
:1092F000D21B0C9222EAE27205920BB10132059266
:109300000F9B4FF073090E960793149310930B93D2
:1093100012E6069DA86DFFF7F1FAB5F90C306A6EFA
:1093200098047FF5A6AC91047FF5ABACD7077FF529
:10933000DEAD4FF0FF330993CCE5039908958F0616
:1093400040F147840E9B002207338DF88F2023F0D5
:1093500007035E6853F8085B0E93079B934280F205
:10936000D98303910A2D76F1000380F0FE86079BD6
:1093700030359DF88FC00DF26717012B8DF86751BE
:10938000B8BF0123059300230F9301230C930023FF
:109390000B93BCF1000F02D0059B013305930F9B8B
:1093A000002B01F08485059B02330593039BDDE9C7
:1093B0002F0513F08403AE46024600F0C881BCF1CD
:1093C000000F40F08582CDF850C0CDE90FCCCEE53E
:1093D0000E9B53F8042B002A0A9280F2A6830A9A65
:1093E0000E9352420A92039B95F8009043F00403B7
:1093F000039393E42B2395F800908DF88F308DE440
:1094000000220E99089547F63003079D51F8040B8A
:109410009542ADF890308DF88F200346C0F251850B
:10942000039D25F0800545F002050395002840F0D6
:1094300010870798002840F00C874FF078090E91AC
:10944000039A00239DF88FC05AAF02F002020593E1
:109450000C930F9207939AE703980895810640F1C1
:10946000A7830E9B073323F007031A46596852F867
:10947000083B0E9200228DF88F20079A002A3EDBCF
:1094800020F490620392079A002A3BD153EA01022A
:1094900014BF0122002235D110F00101059100F026
:1094A000498330230DF2671707928DF867310C91CD
:1094B0000B921492CDE90F223EE5039A0E9B920681
:1094C000089503F1040140F1B6831B68099A1A60FC
:1094D000D2175A600E91FFF7F8BB039B08959D06C3
:1094E00043F01000BDD40E9B1A1D0E9B00210E925E
:1094F00000221B688DF88F20079A002AC0DA20F41A
:10950000806203925AAF03F00702DB08384643EA51
:1095100041733032C90807F8012D53EA0105F2D131
:10952000302A03D0039BDD0700F18B845AAB079AE6
:10953000DB1B9A420C93B8BF1A46059200230B938B
:109540001493CDE90F33F7E4039B95F8009043F0B3
:1095500008030393FFF7E2BB039B08959D0643F0C6
:1095600010013FF5A4AD0E9B1A1D0E9B03911D68C3
:109570000E92EE173346002BBFF6A7AD2D236D429A
:109580008DF88F3066EB4606079B002BFFF6EAAEA0
:10959000039B23F080030393E4E695F80090039B7C
:1095A000B9F16C0F00F0BB8443F010030393FFF795
:1095B000B5BB95F80090039BB9F1680F00F0B78434
:1095C00043F040030393FFF7A9BB039B089543F0C7
:1095D00010019B063FF5B6AE0E9B1A1D00260E9B92
:1095E00007981B68B0428DF88F601D46C1F21A8142
:1095F00021F080010E920391002B7FF4B3AE00287E
:109600003FF41EAFAEE6049F384602F0D1FA43683D
:1096100018461893FFF776F91A900646384602F076
:10962000C7FA836895F800901993002E3FF476AB43
:10963000002B3FF473AB1B78002B3FF46FAB039B05
:1096400043F480630393FFF769BB039B95F8009095
:1096500043F001030393FFF761BB9DF88F3095F84A
:109660000090002B7FF45AAB20238DF88F30FFF74A
:1096700055BB039B95F8009043F080030393FFF7DD
:109680004DBB294611F8019BB9F12A0F01F0DB838C
:10969000A9F13003092B01F2A181002202EB820221
:1096A00011F8019B03EB4202A9F13003092BF5D914
:1096B00042EAE2730D460793FFF731BB0A9B059A16
:1096C0009E1A002E7FF763AC102E2F9ADFF83CA66F
:1096D00025DD294610235546DDF818B0DDF810A029
:1096E00002E0103E102E18DD01321031072AC4E9C5
:1096F0000053CDE92F2104F10804F2DD2EAA5946CA
:10970000504601F085FF00287FF4D3AB103E31AC0A
:109710001023102EDDE92F21E6DCAA460D4601328A
:109720003544C4F800A0072A6660CDE92F2500F370
:10973000EA8308342BE42EAA0699049801F068FF06
:1097400000283FF44EACDDF810A0FFF7B2BB0A9E34
:1097500005991493761A002ECDE90F3300F3538147
:10976000BCF1000F3FF403AC0226FFF7F1BB01335D
:109770003544C4F800A0072B6660CDE92F357FF78C
:109780001BAC2EAA0699049801F042FF0028DAD1FA
:10979000309D31AC11E4119B01352F9E04F1080975
:1097A000012B06F1010640F315810123072E2760E6
:1097B0006360CDE92F6500F30584159B0136169A89
:1097C0001D44072EC9E90023CDE92F6500F3088465
:1097D00009F10809119B00225C1E0023DDE912013A
:1097E000F7F7C0FA002840F05781013601372544C9
:1097F000C9F80440072EC9F80070CDE92F6500F3C1
:10980000F58009F10809179B01361D44C9F8043099
:10981000072E28ABCDE92F65C9F80030B1DC09F17E
:109820000804FFF7CABB2EAA069904981B9301F0FF
:10983000EFFE002887D1309D31AC1B9BFFF795BB15
:109840002EAA069904981B9301F0E2FE00287FF4EB
:109850007AAF309D31AC1B9BFFF796BB102E2F9B30
:10986000DFF8ACA420DD1027DDF81090DDF818B08B
:1098700002E0103E102E17DD01331035072BC4E92E
:1098800000A7CDE92F3504F10804F2DD2EAA5946D0
:10989000484601F0BDFE002840F0DC83103E31ACAC
:1098A000102EDDE92F35E7DC01333544072BC4E901
:1098B00000A6CDE92F357FF789AB2EAA069904982B
:1098C00001F0A6FE00287FF43EAF309DFFF77EBB7F
:1098D000002202261492CDE90F22FFF739BB259909
:1098E000002940F331810F9B119A9342A8BF134680
:1098F000002B99460ADD1D44C4E900732F9B309567
:109900000133072B2F9300F3AC8708340F9EB9F176
:10991000000FA8BFA6EB0906002E00F3B984039A36
:109920000F9B50053B4400F19586259E119A964267
:1099300003DB0399C90740F1AD85159A16991544C3
:10994000C4E900122F9A30950132072A2F9201F3B1
:1099500011800834119A1744961BFF1AB742A8BF0A
:109960003746002F0ADD23603D442F9B676001339B
:109970003095072B2F9301F322800834002FA8BFC6
:10998000F61B002E7FF719AB102E2F9BDFF87CA360
:109990007FF7EDAE1027DDF81090DDF818B003E08A
:1099A000103E102E7FF7E3AE01331035072BC4E9CC
:1099B00000A7CDE92F3504F10804F1DD2EAA5946A0
:1099C000484601F025FE002840F0448331ACDDE933
:1099D0002F35E5E7039BDB073FF5E7AE0123072EB5
:1099E00027606360CDE92F657FF70DAF2EAA06993A
:1099F000049801F00DFE00287FF4A5AE0DF1C40916
:109A0000DDE92F65FFE60223102E7146DFF800A383
:109A10002ADD1B935346A446BA461025DDF810B044
:109A2000069C1F4602E0103E102E18DD0132103158
:109A3000072ACCE90075CDE92F210CF1080CF2DDE5
:109A40002EAA2146584601F0E3FD0DF1C40C002872
:109A50007FF42EAA103E102EDDE92F21E6DC3846D9
:109A6000644657461B9B8246501C7518C4F800A0DC
:109A700007286660CDE92F0500F3D6829DF88F2078
:109A80000834002A40F09080002B3FF480AA13464F
:109A9000FFF76DBA2F9AB7E7119B012B7FF7B3AE93
:109AA000112BDFF868A240F3DE831027DDF810B039
:109AB00003E0103C102C40F3D68301361035072EFE
:109AC000C9E900A7CDE92F6509F10809F1DD2EAA42
:109AD0000699584601F09CFD00287FF4E9A90DF194
:109AE000C409DDE92F65E4E72EAA0699049801F080
:109AF0008FFD00287FF427AE309D31ACFFF74DBAC3
:109B000092047FF5BEA814E4039BDF077FF555AAF6
:109B1000FFF76ABB21F080020392002B7FF422AC96
:109B200055EA06033FF48CAC1CE495F800900E93C4
:109B3000FFF7F4B8059A5AAF07920C9214920B9261
:109B4000CDE90F22FFF7F8B92F9B01356C4A01339D
:109B5000309522600122072B2F93626000F3658607
:109B60000834119B0B4300F0F286159B169A1D4496
:109B7000C4E900232F9B30950133072B2F9300F36B
:109B80008B8604F108020029C0F25887119901332D
:109B900017600D44072B5160CDE92F353FF7F1AD2C
:109BA00002F10804FFF709BA1E460023FFF7D0B9F7
:109BB00003990E9A11F0100152F8043B41F06281B2
:109BC000039D15F0400000F098839BB228460E924A
:109BD00050E403990E9A11F0100652F8043B7FF4FA
:109BE000FDAC039810F0400100F092839DB2079BFA
:109BF0008DF88F60002BC0F2768420F080010E92E9
:109C00000391002D7FF4AEAB002B3FF419ACFFF7AE
:109C1000A9BB039B0E9AD90652F8045B01F14C8153
:109C2000039B5B0640F15E8345F3C0360E922DB276
:109C30003346FFF747BA039BDB0600F10E83039B15
:109C40005F0600F14A84039B9E0540F106830E9B4C
:109C5000099A1B681A703DE4DDE9120102460B46C1
:109C6000F7F7B2F80646002840F0938729F0200B5A
:109C7000BBF1410F40F06D833023B9F1610F8DF8D6
:109C8000903014BF582378238DF89130079B632BB5
:109C900000F36784DDE91212002AC0F2208741AF89
:109CA0001B900B909DED127B8DED207B25A89DEDEB
:109CB000200B02F09DF800224FF07F5351EC100B67
:109CC000F6F7E8FD02460B46CDE90C2300220023FF
:109CD000F7F748F808B101232593B9F1610FCDF8E2
:109CE0003C903E46BB460CBF064B074B0593079B7B
:109CF000DDF814A0591E07948946DDE90C4513E0F0
:109D000078F3000848F300085CF3000840F6000808
:109D100050F600080022002309F1FF37F7F722F878
:109D2000002840F0F386B9460022B44B204629466D
:109D3000F6F7B0FD0D460446F7F75CF80746F6F770
:109D40003FFD02460B4620462946F6F7EBFB1AF884
:109D50000730B9F1FF3F324604460D4606F8013B95
:109D6000D8D19246A64B0022DDF83C90CDE90C45B7
:109D70003D46079C5F46F7F71DF840B90022A04B0F
:109D8000DDE90C01F6F7EEFFD8B1EB0719D5059B1D
:109D90003246CDF8B0A0D97B16F8013C8B4209D1F0
:109DA000302002F8010C2C9A531E2C9312F8013C1F
:109DB0008B42F6D0392B01F038800133DBB202F848
:109DC000013C039B259A43F00201F31B119309F117
:109DD0000F038DF8A030531E002B2593C0F2BF87D0
:109DE0002B22092B8DF8A12000F304840DF1A2028F
:109DF000303302F8013B28ABD31A1793119B179A03
:109E0000012B1A440C9240F374860C9B159A134450
:109E10000C9321F4806301F0020243F480730F92EB
:109E200003930C9B23EAE37305931B9B002B00F029
:109E300044864FF02D0C00238DF88FC00793FFF759
:109E4000ABBA30230238079A07F8013C5AAB0746F1
:109E50001B1A9A420C93B8BF1A460592FFF76EBBC5
:109E600068480895039B0E9913F0200200F09B8030
:109E7000073121F007014A6851F8083B53EA02050F
:109E8000039E14BF01250025F60702D5002D40F0E2
:109E9000E98000268DF88F60079E002EC0F2B88002
:109EA000039E26F490660396079E002E40F0EC80F9
:109EB000002D40F0E9800E91FFF7C2BA5248089594
:109EC000D0E7039894460E914FF0780940F00200D5
:109ED000022103904C480F915AAF03F00F011B0968
:109EE000415C43EA0273120907F8011D53EA0201BB
:109EF000F3D15AAB079ADB1B9A420C93B8BF1A46B0
:109F00000592FFF744BA2EAA0699049801F080FB47
:109F100000287FF418AC309D31ACFFF738B843F01F
:109F2000200395F8019001350393FEF7F7BE43F443
:109F3000007395F8019001350393FEF7EFBE2EAA4A
:109F40000699049801F064FB00287FF4FCAB309D77
:109F500031ACFFF756B9079B3A460797062B0E968A
:109F6000149228BF0623CDE90F22CDE90B73059388
:109F7000264FFEF7E1BF082200212CA841AFFEF7D3
:109F80002FFC0E9A2CAB04981268394601F0BCFEE7
:109F900003460C90013300F01F870C9B23EAE37308
:109FA0000593FFF76DB9039D51F8043B15F01005BB
:109FB0007FF464AF039A12F0400600F0C2819BB2B6
:109FC0002A465BE72EAA0699049801F021FB002897
:109FD0007FF4B9AB0DF1C409DDE92F65FFF7EDBBE7
:109FE0002EAA0699049801F013FB00287FF4ABAB6E
:109FF0000DF1C409DDE92F65FFF7ECBB000030402F
:10A000000000E03F5CF3000848F3000870F300082C
:10A01000039D25F4806503950E914FF0000C039984
:10A0200001F002010F9157E72EAA069904981B939D
:10A0300001F0EEFA00287FF486AB9DF88F20309D6A
:10A040001B9B002A00F01C811E4631AC03462F9852
:10A05000FEF77EBFCA46FEF72CBF5046FEF796FBC2
:10A06000FEF7FDBD30258DF891908DF890500025BC
:10A070008DF88F50079D002DC0F28E83039D25F42F
:10A08000906545F0020503950E9103999DF88FC0E8
:10A0900001F002010F911FE72EAA0699049801F022
:10A0A000B7FA00287FF44FAB309D31ACFFF797B87B
:10A0B0000DF1B00A0822002127975046FEF790FBC9
:10A0C000079B002BC0F26F83002505940B969B46DF
:10A0D0002C46049E0EE041A9304601F015FE421CBC
:10A0E00005F10405204400F0EE84584507DC00F03B
:10A0F00040850446279A53465259002AEBD10C94C6
:10A100000B9E059C0C9B002B00F09C83632B40F363
:10A11000B784591C0498FDF75FFF0746002800F03C
:10A12000DA860B90082200215046FEF759FB0C9D61
:10A1300027AA39462B460498CDF800A001F00AFE64
:10A14000854240F0C0860C9900237B5421EAE171DE
:10A150009DF88F200591002A40F0668407920E96A4
:10A160001492CDE90F22FEF7E7BE039B002205946F
:10A170005AA903F48063CDF82C90DFF8B0B396466B
:10A18000DDF864901C4623E0AB19AA4630463946F8
:10A1900043F10003ABFB032C2CF0030202EB9C0207
:10A1A0009B1A4FF0CC32EB1A66F1000602FB03F269
:10A1B000BAF10A0FA3FB0B530BFB06224FEA55051E
:10A1C00070F10000134445EAC3754FEA53062BD3E0
:10A1D000AB190EF1010E01F1FF3743F10003ABFBA8
:10A1E000032020F0030202EB90029B1AEB1AA3FB60
:10A1F0000B3266F100005B080BFB002243EAC273DE
:10A2000003EB8303A5EB4303303301F8013C002C3F
:10A21000BAD099F80030FF2BB6D07345B4D10A2DCF
:10A2200076F1000380F0498300225AAB059CDB1BCA
:10A230000F92079ACDF864909A42DDF82C909DF821
:10A240008FC0B8BF1A46CDF844E00C930592FFF7D3
:10A250009EB8B5484FF0780916E70E9B099A1B681F
:10A260001A60FFF737B901362544C9F800A0072E58
:10A27000C9F80440CDE92F657FF7C3AAFFF7B6BB45
:10A28000002B00F0048113462F9831ACFEF76FBE0F
:10A29000102E2F9BDFF898A240F3ED8051462A46FE
:10A2A000BA464FF01009DDF810B00F46069D03E0E6
:10A2B000103E102E40F3DB8001331032072BC4E92F
:10A2C0000079CDE92F3204F10804F1DD2EAA2946E8
:10A2D000584601F09DF900287EF4EAAD31ACDDE985
:10A2E0002F32E5E7039B0E929F0540F1F28045F384
:10A2F000C0166DB23346FEF7E5BE039D15F400713E
:10A3000000F0E3800146DBB228460E92FFF7B2B8B8
:10A31000039810F4007600F0C580DDB2079B0E466E
:10A320008DF88F10002BC0F2DE8020F080010E929D
:10A330000391002B7FF416A8002D3FF481A8FFF7AE
:10A3400011B8039A12F400723FF498ADDBB23246B2
:10A3500094E5079A039B551C43F4807ADDE91201CA
:10A360000B4600F0F3801AB9BBF1470F00F0B2843E
:10A37000002BC0F2048400239DED127B1B938DED16
:10A380001E7BB9F1650F00F0048300F3FF80B9F183
:10A39000450F00F0FE82B9F1460F40F0FB80079BAD
:10A3A000032111932CAB119D0498019327AB2A46EE
:10A3B000009325AB9DED1E0B01F0EAFDBBF1460FAE
:10A3C0000746054440F053843B78302B00F063840B
:10A3D000259B1D4400220023DDE91E01F6F7C2FC87
:10A3E000002840F03E842C9B9D4240F24585302160
:10A3F0005A1C2C9219702C9BAB42F9D3259ADB1B6B
:10A40000BBF1470F0F92119300F0DA80BBF1460FBA
:10A4100040F0DF80039B0F9903F00103079A0029A6
:10A4200043EA020340F3C484002B40F067830F9B90
:10A430004FF066090C93039B5B0500F1DD830C9BD9
:10A4400023EAE37305931B9B002B00F0A782059B77
:10A45000CDF80CA00133059300231A460B932D234E
:10A4600007928DF88F3014921092FEF765BD154655
:10A470003A465746924601333544C4F800A0072BAC
:10A480006660CDE92F3555DC0834FFF748BA31ACAA
:10A49000FEF77DBD1744961BFF1AB742A8BF37468B
:10A4A000FFF76CBA07991D468DF88F6000291ADBFB
:10A4B00003980E9220F08000039000297EF452AFA2
:10A4C000002B3EF4BDAFFEF74DBF03980E92FEF792
:10A4D000D1BFEE173346FEF7F5BD0E9B099A1B68F8
:10A4E0001A80FEF7F7BF0E92FEF73CBF2EAA069920
:10A4F000504601F08DF800283EF4CCACFEF7DFBCEE
:10A500003846FEF7FFF99DF88F3020EAE0720C9094
:10A510000592002B3EF4F4AEFEF7F0BE886DFEF718
:10A52000EFF9FEF788BC00BF48F30008CDCCCCCCD7
:10A5300040F600082EAA0699049801F069F8002850
:10A540007FF401A9309D31ACFFF7E9B90029C0F2D1
:10A55000E08306231B969DED127B07938DED1E7BFA
:10A560000FE7591C0498FDF737FD0746002800F057
:10A570003384DDE91212002AC0F204841B960B908A
:10A580009DED127B8DED207BFFF790BBB9F1660F3F
:10A590003FF405AF2CAB079A02210498019327AB37
:10A5A0009DED1E0B009325AB01F0F2FC039B0746CB
:10A5B000DE0700F129822C9B1B1A1193259B0F9318
:10A5C0000F9BDD1C03DB079A934240F30F81A9F137
:10A5D00002090F9B8DF8A090013B002B2593C0F240
:10A5E000B5822B22092B8DF8A12040F3B8820022DE
:10A5F00003990B920DF1B70CDFF894E46546AEFBBE
:10A60000032A1E462846013D4FEADA0A632E0AEB6A
:10A610008A02A3EB4202534602F1300200F8012CF9
:10A62000EDDC303305F8013C831E634580F0078480
:10A630000DF1A10213F8015B634502F8015FF9D146
:10A6400003F5B47328AA6B44C43B1B1A9B1A1793D7
:10A65000FFF7D4BB109A14990A43119A00F0FF83B4
:10A66000B8188B46224629461C46DFF82CA4DDF894
:10A67000649003461A9D1B97BBF1000F32DC1098C3
:10A6800009F1FF390138109018982944C2E90005F2
:10A690002F983091013007282F904DDC08321F1B76
:10A6A00099F8000007938742A8BF0746002F0BDDEB
:10A6B0002F9839440130309107282F90C2E9004784
:10A6C0005BDC083299F80000002FACBFC61B0646C1
:10A6D000002E0ADC044410980028CDDCBBF1000FEA
:10A6E00040F331830BF1FF3BCEE7102E2F9840F360
:10A6F00027830C94102734460F95069E049DCDF8B1
:10A7000050A0199302E0103C102C22DD01301031D2
:10A710000728C2E900A7CDE92F0102F10802F2DD06
:10A720002EAA3146284600F073FF002840F0C28070
:10A7300031AADDE92F01E6E72EAA069904980793CE
:10A7400000F066FF00287EF4FEAF309931AA079B27
:10A75000A5E726460F9D0C9CDDF850C0199B0130E3
:10A760003144C2F800C007285660CDE92F0100F33C
:10A770008480083299F80000ACE72EAA0699049864
:10A780000C9300F045FF00287EF4DDAF99F800003F
:10A7900031AA30990C9B97E7039D25F4806545F01D
:10A7A0000205039538E4002327AA04981946CDF83A
:10A7B00000A001F0CFFA03460C90013300F0528361
:10A7C00027979FE42D23B9F1470F8DF88F3000F3C1
:10A7D0000A8103222B46AD4F0B950C92042207935E
:10A7E00014930592CDE90F33FEF7A6BB0F9B119A88
:10A7F0009342C0F2FE80039B13F0010F0F9B00F009
:10A80000A381159A13440C93039B590503D50F9B01
:10A81000002B00F3EF810C9B4FF0670923EAE373F1
:10A82000059310E60E92FEF79CBD2EAA0699049899
:10A8300000F0EEFE00287EF486AF259931AC309D05
:10A84000FFF78FB99DF88F300E96003B18BF01239C
:10A8500005930C9B079314930B93CDE90F33FEF7ED
:10A860006BBB2EAA0699049800F0D2FE00287EF455
:10A870006AAF309D31ACFFF749B82EAA069904980B
:10A880000C9300F0C5FE00287EF45DAF99F800003F
:10A8900031AA30990C9B1DE72EAA0699049800F066
:10A8A000B7FE00287EF44FAF259931AADDE92F3598
:10A8B000FFF769B9AA46FEF7FCBA1A9A1899A7EBEE
:10A8C000020A504601F03CF999F801300BB109F148
:10A8D0000109AB196E4A4FF0CC314FF0010E43F134
:10A8E00000030AF1FF37A2FB030C2CF0030000EB7E
:10A8F0009C001B1AEB1A66F1000603FB01F1A3FB97
:10A90000023002FB061123FA0EF3014443EAC1753B
:10A9100021FA0EF6AB1943F10003A2FB031020F05D
:10A92000030101EB90015B1AEB1AA3FB023166F104
:10A93000000023FA0EF302FB001243EAC27303EB9A
:10A940008303A5EB430330330AF8013C61E4039B26
:10A95000DE077EF532AB159B169A1D44C4E9002331
:10A960002F9B30950133072B2F9395DC04F10802C0
:10A97000FFF70CB92EAA06990498079300F048FE39
:10A9800000287EF4E0AE259E31AC309D079BFEF79B
:10A99000E1BF079B02210133119303E59DF88F303E
:10A9A000002B00F0E681059A1B9B0132CDF80CA02C
:10A9B0000B930592079314931093FEF7BDBA2EAA3A
:10A9C0000699049800F024FE00287EF4BCAE259E73
:10A9D00031AC119B309D9E1BFEF7D0BF00230D466E
:10A9E0000793FEF79CB903222B462A4F0B950C9236
:10A9F000F4E6119B159A9A180F9B002B0C9240F3CA
:10AA0000EF804FF0670916E5079B0022C518002369
:10AA1000DDE91E01F6F7A6F9002840F08B802C9B9B
:10AA20009D423FF6E4ACE9E4059A079301320E96A5
:10AA300014930592CDE90F33FEF77EBA4E421031E2
:10AA4000DFF854A02CDAB9461024574602E0103E35
:10AA5000102E23DD01331035072BC2E90074CDE938
:10AA60002F3502F10802F2DD2EAA0699049800F0B3
:10AA7000CFFD00287EF467AE31AADDE92F35E6E789
:10AA8000002341AF0B93FFF74DBB00BF38F3000825
:10AA9000CDCCCCCC3CF3000840F60008BA464F467B
:10AAA00001333544C2F800A0072B5660CDE92F359D
:10AAB00000F371810832FFF769B81B9B9DF88FC0C6
:10AAC0000793FEF766BCB246069B0022B3F90C3032
:10AAD0000B9243F04003069A9381FEF7EAB902F124
:10AAE000004341AF209121932D230B901B93FFF73F
:10AAF000DDB8C8077FF58DA9FFF787B91346159A0A
:10AB00004FF0660913440B440C9394E44946079CA8
:10AB1000DDF83C905F460029FFF653A94A1C3346F6
:10AB20003020324403F8010B9A42FBD131444E1CD1
:10AB3000FFF747B9259B0F93079B119340E500232F
:10AB40000322CDE90B3249E60C935DE60F9B2D22E3
:10AB5000C3F101038DF8A120092B3FF748AD302246
:10AB600003998DF8A22000220B920DF1A302FFF7AA
:10AB70003FB9079B059C0B9E0C93FFF7C3BADDE919
:10AB8000121202F100431E911F932D231B93FFF716
:10AB9000F8BB039B23F080030393139B13F0004344
:10ABA0000F9300F0A3802D230322B9F1470F8DF8F6
:10ABB0008F304FF00003CDE90B3240F31C81AB4FD7
:10ABC0000CE60E96002B00F0B080079B4FF0730947
:10ABD00007905A1C0C93149005921090FEF7ACB994
:10ABE000C3F101034FF067091A4422EAE2730C92A1
:10ABF000059328E44FF0670919990B78FF2B00F0B3
:10AC00005E8100250F9A284603E001300131FF2BB9
:10AC100008D0934206DAD21A4B78002BF5D10B7884
:10AC20000135F4E70F92199110901495149A109B26
:10AC30001A9913440C9A01FB03230C9323EAE37340
:10AC400005931B9B002B36D0059BCDF80CA0013340
:10AC500005932D238DF88F3000230B930793FEF778
:10AC60006BB9EB1B1193259B0F93FFF7D3BB00220E
:10AC70000023DDE91E01F6F775F828B92C9B9D42EB
:10AC80003FF6B5ABDB1B1193259BBBF1470F0F9331
:10AC90007FF49FAC94E400220023DDE91E01F6F767
:10ACA00061F8002800F0C580259B0F93EB18DB1B93
:10ACB0001193FFF7AFBB9DF88F30002B00F0F080B1
:10ACC000059A1B9B0132CDF80CA00B9305920793BC
:10ACD000FEF732B90029C0F2908001231B969DED4A
:10ACE000127B07938DED1E7BFFF74BBBB9F1470F2E
:10ACF0009DF88F30CCBF5D4F5D4F002B40F0C5807D
:10AD00000322079314930C9210930B930592FEF772
:10AD100013B9DDE9121202F100431E911F932D2396
:10AD20001B9306230793FFF72CBB079B4FF0730978
:10AD30000C9305930B9B149310930793FEF7FCB8A9
:10AD4000DFF830C10BE523461B9F14460D46CDF8B6
:10AD50006490079A934228BF1346FEF7E6BDC2F1FE
:10AD600001032D22092B8DF8A1203FF743ACFFF7FB
:10AD70003DB81B9BCDF80CA00B9307931493109335
:10AD8000FEF7DAB802F1004320910B9021932D23B6
:10AD90001B93FEF78BBF2EAA0699049800F038FC8F
:10ADA00000287EF4D0AC31AADDE92F35FEF7EEBEE7
:10ADB00033B901234FF0660905930C93FFF743BBAA
:10ADC000159B4FF06609079A01331A4422EAE27391
:10ADD0000C920593FFF737BB0698B0F90C30426E22
:10ADE00043F04001D60781813EF5A3AA98053EF5C0
:10ADF000A0AAFEF746B91E4FF0E401F100431E90F1
:10AE00001F932D231B9301230793FFF7BABA069ACA
:10AE1000536ED8073EF58DAA938999053EF589AA08
:10AE2000906DFDF76DFDFEF784BA059B9B7AFEF7EA
:10AE3000C6BF119BC3F101032593FFF7CABA0223D2
:10AE40001793FEF7DBBF0E9B95F801900D4653F864
:10AE5000042B42EAE2720E930792FDF75FBFBA1825
:10AE6000079276E7DDF810A02EE600BF44F3000855
:10AE700040F3000840F60008DB1B1193259B0F935D
:10AE8000FFF7C8BA0398FEF730BB032200230C92E9
:10AE9000042207930592149310930B93FEF74CB87A
:10AEA0001B9BCDF80CA00B930793FEF745B80F9BA7
:10AEB00014931093FEF740B81946FEF756BB0023D3
:10AEC00014931093B2E6069BDDF810A0B3F90C3092
:10AED00043F04003FFE5069BDDF810A0B3F90C300A
:10AEE0000B9043F04003F6E52DE9F04198468B893D
:10AEF000ADF58D6D164623F00203074616A80D46E4
:10AF0000ADF80C301AAB6C46009304934FF4806399
:10AF1000029305934B6E1993CB89ADF80E30CB6934
:10AF200007934B6A099300230693FDF7E3FC32462F
:10AF3000434669463846FDF773FE061E07DB694641
:10AF4000384600F071FC002818BF4FF0FF36A38987
:10AF50005B0603D5AB8943F04003AB81A06DFDF7E1
:10AF6000CBFC30460DF58D6DBDE8F0819368002B6C
:10AF700000F0B080B1F90CC01CF0080F2DE9F04FC3
:10AF8000174683B080460C4626D00B6923B31CF0CD
:10AF900002093E682CD04FF0000ADFF8B8B2B9467B
:10AFA00055465D452B465246404628BF5B46002D20
:10AFB0007FD0E169676AB847002840F38380D9F8F9
:10AFC000083082442D1A1B1AC9F80830002BE8D12A
:10AFD000002003B0BDE8F08F2146404600F098FC09
:10AFE000002874D1B4F90CC03E681CF00209D2D11B
:10AFF0001CF0010A70D1236855460097002D54D0EB
:10B000001CF4007FD4F80890184600F0AA80A945E7
:10B01000CB4600F2E4801CF4906F33D02169A3EB9F
:10B020000109636913EB430348BF01334FEA630B24
:10B0300009F101032B445A465B4501D99B461A4648
:10B040001CF4806F00F0EA8011464046FCF7C4FF14
:10B05000002800F0F9804A4621690190F5F7E8F9E7
:10B06000A289019B22F4906242F08002A28103EB4C
:10B0700009002361C4F814B0ABEB0903A946AB4641
:10B08000A360206051465A4600F0C2FCA2680099B5
:10B09000A2EB09022368A2605B448A682360521B0A
:10B0A0008A60002A94D0B4F90CC0D6E900A508360D
:10B0B000A4E7D6E900A5083673E72146404600F02C
:10B0C000B3FB68B3B4F90C3043F04003A3814FF0F5
:10B0D000FF307EE7002070474D46BA4648464F464F
:10B0E00000965DB3002831D04A46A168AA42636940
:10B0F000206828BF2A4603EB010B2169884201D949
:10B100005A457CDC93426DDC3A46E1694046666A0A
:10B11000B047B0F1000BD5DDB9EB0B09CDD0012064
:10B12000DAF808305F44A5EB0B05A3EB0B03CAF874
:10B130000830002B3FF44CAF002DD3D1009A556856
:10B14000134608320092002DF8D01F682A460A21C3
:10B15000384600F099FD002873D00130A0EB0709B4
:10B16000C2E722699A4222D36269AA421FD86FF0CD
:10B170000043E1694046676AAB4228BF2B4693FB18
:10B18000F2F302FB03F35246B847B0F1000999DD30
:10B19000009AA5EB0905CA449368A3EB09039360E1
:10B1A000002B3FF415AFB4F90CC0236826E7A9457E
:10B1B0001846514628BFA9464A4600F029FCA26815
:10B1C0002368A2EB09024B44A2602360002ADFD16E
:10B1D0002146404600F028FB0028D9D072E7A94656
:10B1E000AB464FE73946019200F012FC019AA36882
:10B1F00093469B1AA3602368134423608CE7394667
:10B200005A4600F005FC2368214640465B44236013
:10B2100000F00AFB00283FF47FAF53E7404600F000
:10B220003DF8034600287FF422AF21694046FDF730
:10B2300003FCB4F90C300C2223F08003C8F8002082
:10B2400042E76A1C914650E70C22B4F90C30C8F86A
:10B25000002039E700FCFF7F2DE9F8434FF000099B
:10B26000074688461646D6E90154013D0FD4A38906
:10B27000012B08D9B4F90E3021463846013302D0EB
:10B28000C04749EA0009013D68346B1CEFD13668BC
:10B29000002EE8D14846BDE8F88300BF2DE9F04F05
:10B2A000164683B0002900F09E800C4606F10B057F
:10B2B0008046FCF756FD54F8040C162DA4F108093D
:10B2C00020F0030762D8102200231546B542C0F0D3
:10B2D000A280002B40F09F80974261DADFF82CB308
:10B2E00009EB0701DBF80830D1F804C08B4200F00D
:10B2F0009A802CF001030B445B68DB0768D42CF0C8
:10B30000030C07EB0C03934245DAC30712D454F83D
:10B31000083CA9EB030ADAF8043023F00300844464
:10B320000CEB070B5A4540F3018107EB000B5A4524
:10B3300040F3D78031464046FCF74EFE06460028D3
:10B3400000F02C8154F8043CA0F1080223F0010322
:10B350004B44934200F0B4803A1F242A00F2E2806A
:10B36000132A00F2B380034622461168196051681F
:10B37000596092689A6021464046FDF75DFB404661
:10B38000FCF7F3FC304603B0BDE8F08F25F007056D
:10B390002A46EB0F9AE71F46D1E90223D3609A6051
:10B3A000781BD9F8043009EB07020F2803F00103DA
:10B3B0001FD83B43C9F80430536843F0010353607E
:10B3C00026464046FCF7D1FC304603B0BDE8F08F7E
:10B3D000C307AFD454F8083CA9EB030ADAF80430E9
:10B3E00023F00300A1E7114603B0BDE8F04FFCF7DE
:10B3F000F3BD2B4309EB050140F00100C9F804300F
:10B40000083141F8040C4046536843F0010353608F
:10B41000FDF712FBD4E70C23C8F8003000263046B5
:10B4200003B0BDE8F08F2CF0030C05F110010CEB1C
:10B4300007038B4280F29280C0073FF57BAF54F840
:10B44000083CA9EB030ADAF8043023F00300844433
:10B450000CEB070399423FF768AF3A1F5646DAF8FC
:10B460000C1056F8080F242AC160886000F2B080E2
:10B47000132A40F2AB8021681B2ACAF808106168C1
:10B48000CAF80C1000F2AB8008340AF110022168EF
:10B49000116061685160A16891605B1B0AEB050255
:10B4A000404643F00103CBF808205360DAF804303B
:10B4B00003F001032B43CAF80430FCF756FC83E782
:10B4C00050F8043C23F003031F4469E723681B2A58
:10B4D00003606368436036D804F1080200F1080392
:10B4E00043E73A1F5646DAF80C30242A56F8081F6C
:10B4F000CB60996022D8132A1ED923681B2ACAF868
:10B5000008306368CAF80C303CD808340AF11003DC
:10B5100022681A6062685A60A2689A6034465F4680
:10B52000D1463DE7214600F073FA24E7D1E9021342
:10B530003A1FCB609960D5E73346E9E721463046AC
:10B5400000F066FAEAE7A368242A8360E368C36030
:10B5500028D004F1100200F1100306E75B1B09EB91
:10B5600005024046264643F00103CBF8082053600D
:10B5700054F8043C03F001032B4344F8043CFCF76B
:10B58000F4FB21E7A368242ACAF81030E368CAF85C
:10B59000143010D010340AF11803B9E74046FCF714
:10B5A000E4FB3BE7236904F118020361636943612B
:10B5B00000F11803D9E623691834CAF8183054F892
:10B5C000043CCAF81C300AF12003A1E732465EE7CA
:10B5D00021463046019300F01BFA019B5DE7A1680C
:10B5E000242ACAF81010E168CAF8141003D01034E5
:10B5F0000AF118024BE722691834CAF8182054F8E7
:10B60000042CCAF81C200AF1200240E7A000002008
:10B61000936810B514461BB918460023636010BD2B
:10B62000FFF7A4FC0023A3600023636010BD00BFEC
:10B6300070B500293FD006460C4610B1436B002B75
:10B640003CD0636EB4F90C20DD0732D4900538D5B8
:10B650002146304600F04CF8E36A054633B1E16913
:10B66000304698470028B8BF4FF0FF35A3891A0627
:10B6700039D4216B41B104F14003994202D03046E4
:10B68000FDF7DAF900232363616C21B13046FDF741
:10B69000D3F900236364FDF797F8636E0022DB079C
:10B6A000A2811CD5A06DFDF727F9FDF793F8284678
:10B6B00070BD002ACCD10025284670BDFDF766F884
:10B6C000BFE7A06DFDF71AF9B4F90C30002BBFD11C
:10B6D000636ED907EFD4A06DFDF712F9EBE7A06D0B
:10B6E000FDF70EF9DEE721693046FDF7A5F9C0E761
:10B6F000B1F90C202DE9F041804610070C4650D4DA
:10B70000496842F400630029A38165DDA66A002E22
:10B7100044D0002112F48052D8F80050C8F800102C
:10B7200067D1E16901234046B047411C02466ED013
:10B73000B4F90C30A66A5B0705D56368D21A236B8F
:10B740000BB1E36BD21A0023E1694046B047471CB6
:10B75000B4F90C304FD1D8F800101D2942D8314A25
:10B76000CA40D6073ED523F40062D904A2814FF027
:10B77000000262602269226003D5D8F80030002BF5
:10B7800043D0216BC8F8005041B104F14003994205
:10B7900002D04046FDF750F9002323630020BDE8A6
:10B7A000F0810E69002EF9D092070D680E600CBF73
:10B7B0004B690023AD1B8B600BE02B463246E169E1
:10B7C0004046676AB847B0F1000CA5EB0C0566442B
:10B7D00006DD002DF1DCE1E7E16B002996DCDDE719
:10B7E000B4F90C3043F040034FF0FF30A381BDE8C3
:10B7F000F081226D9FE723F40062DB04A2814FF009
:10B800000002626022692260BBD52065B9E7D8F8E2
:10B810000030002B8CD01D2B01D0162BE0D1C8F8A6
:10B820000050BBE70100402038B505460C4608B182
:10B83000436B03B3B4F90C0088B1636EDB0701D42A
:10B8400081050FD528462146FFF752FF636E054656
:10B85000DA0702D4A3899B0508D5284638BD0546DA
:10B86000284638BDA06DFDF749F8EBE7A06DFDF760
:10B8700047F8284638BDFCF789FFDBE710B50C46D2
:10B88000B1F90E1000F0C0F9002803DB236D03446A
:10B89000236510BDA38923F48053A38110BD00BF8D
:10B8A0002DE9F0410C46B1F90C101F460546CB05B9
:10B8B00016460BD421F480513B4632462846A181DE
:10B8C000B4F90E10BDE8F04100F0B4B9B4F90E10AF
:10B8D0000223002200F082F9B4F90C10EAE700BF5D
:10B8E00010B50C46B1F90E1000F078F9421CB4F90D
:10B8F0000C3004D043F480532065A38110BD23F4A1
:10B900008053A38110BD00BFB1F90E1000F054B9EF
:10B9100038B53E4B05460C461B6813B15A6B002ADE
:10B920005BD0B4F90C3019070BD522699AB113F02A
:10B93000010221D0636900225B42A260A361002062
:10B9400038BDDA0659D558071BD4226943F00803DD
:10B95000A381002AEBD1990529D5180603F08001AF
:10B9600025D4D80742D49D073DD5A2600029E6D052
:10B9700043F04003A38145E09B0716D46369A360AD
:10B98000DDE7216B51B104F14002914204D0284619
:10B99000FDF752F8B4F90C3000222263002122692D
:10B9A00023F02403C4E90021D0E7A260C7E72146C1
:10B9B000284601F0D9FEB4F90C30226913F00101D8
:10B9C0000FD0616900204942A060A161002AB6D170
:10B9D00003F080010029B2D0CAE71846FCF7D6FE72
:10B9E0009FE7980700D46169A160EFE76069A260F2
:10B9F0004042A0610029A2D0BAE7092243F04003E7
:10BA00002A60A3814FF0FF3038BD00BFB40400208E
:10BA10008842F0B514D98B18834211D9032A00EB60
:10BA2000020166D802F1FF3C4AB16FEA0C0C0A46EB
:10BA30009C4413F8011D634502F8011DF9D1F0BDC6
:10BA4000032A0FD8034602F1FF3C002AF7D00CF17D
:10BA5000010C013B8C4411F8012B614503F8012FC7
:10BA6000F9D1F0BD41EA00039B073ED10F2A64D90A
:10BA7000A2F1100301F11004203100F1100E23F0A7
:10BA80000F03A44619445CF8105C0CF1100C0EF185
:10BA9000100E4EF8205C5CF81C5C4EF81C5C5CF8E8
:10BAA000185C4EF8185C5CF8145C8C454EF8145C1D
:10BAB000E9D1E11812F00C0F034402F00F0E03F16C
:10BAC000100338D02EF003051A1F8C46043D5E1972
:10BAD0005CF8044B42F8044FB242F9D1043104330C
:10BAE0000EF0030229442B44ADE702F1FF3C03466C
:10BAF000ADE741EA03041F46A40702D002F1FF3C70
:10BB000093E7A2F1040E8C462EF003064FEA9E0E38
:10BB10008E1B644653F8045DB4424CF8045DF8D1C2
:10BB2000CEEB8E7302F0030201EB830107EB830778
:10BB300004393B1F76E7724685E703469646C1E720
:10BB400040EA01039B0730B501D1032A17D8844688
:10BB500001F1FF3E07E01EF8011F541E03F8011B10
:10BB600029B122469C466346002AF4D130BD002C00
:10BB7000FCD0944403F8011B6345FBD130BD0C4657
:10BB80008446256821460434A5F1013323EA0503E0
:10BB900013F0803FDCD1043A4CF8045B032AF0D860
:10BBA0002146D5E7014B93F810027047BC060020F0
:10BBB000004870479408002038B50022064D04461E
:10BBC00008462A60FCF7A5F8431C00D038BD2B6856
:10BBD000002BFBD0236038BD7810002038B50C4610
:10BBE00084461146074D1A460023204664462B60C2
:10BBF000FCF799F8431C00D038BD2B68002BFBD014
:10BC0000236038BD7810002038B50C4684461146B4
:10BC1000074D1A460023204664462B60FCF769F85E
:10BC2000431C00D038BD2B68002BFBD0236038BDEF
:10BC30007810002038B50C4684461146074D1A4648
:10BC40000023204664462B60FBF7D8FE431C00D03F
:10BC500038BD2B68002BFBD0236038BD7810002046
:10BC600038B5074D074C2C1BA41005D0013C55F8E6
:10BC7000043D9847002CF9D1BDE8384003F028BABC
:10BC8000A0F80008A4F8000830B586468007CCB2BA
:10BC900015D00EEB0205F44606E013F8011BA14295
:10BCA00007D0990706D09C46654563466046F4D1A7
:10BCB000002030BD013A72449E46A2EB0C02032ADA
:10BCC0000CD8002AF4D07346724401E09A42EFD0B7
:10BCD000184613F8011BA142F8D130BD04EB04252E
:10BCE000714605EB05458E4651F8043B6B40A3F1C8
:10BCF000013020EA030313F0803FE4D1043A032A21
:10BD0000F1D88E46DDE700BF70B5054684B05BB163
:10BD10001C460F4BD3F8C861234669B12846B0478B
:10BD2000431C0FD004B070BD094B00F58274D3F8EA
:10BD3000C86123460029F1D10A46284601A9B04727
:10BD4000431CEFD100228A2322602B6004B070BD17
:10BD5000BC06002010B582B0049C00934FF0FF3366
:10BD6000019401F019FE02B010BD00BF2DE9F843A7
:10BD70001C4D064698460F4628689146FCF7BEFDC6
:10BD8000194B1C682CB3286865681F2D24DC4EB93C
:10BD90006B1C0235636044F82570FCF7B1FD002090
:10BDA000BDE8F88304EB85010123022EC1F88890D9
:10BDB00003FA05F3D4F8882142EA0302C4F8882183
:10BDC000C1F80881E4D1D4F88C211A43C4F88C213D
:10BDD000DEE7064C1C60D6E7FCF792FD4FF0FF3023
:10BDE000DEE700BFB8060020741000207C100020A1
:10BDF000002170B555EC104B064625F0004301605C
:10BE0000114883421DD8204618431AD00F482A46AD
:10BE1000284058B900220E4B20462946F4F73AFD37
:10BE20000A4621F0004304466FF035016FF31E52BD
:10BE30001B1542F07F55A3F2FE3345F400150B4469
:10BE4000336045EC104B70BDFFFFEF7F0000F07FCB
:10BE5000000050432DE9F04F036985B00C69A342FF
:10BE6000C0F29080013C01F1140500F114088146F4
:10BE700055F824304FEA840C58F8242005EB840749
:10BE8000013308EB840B9A42B2FBF3F642D3002055
:10BE9000AA46C646CDF80C8003468846CDE901C5C2
:10BEA00005465AF8042BDEF8001090B257454FEAC9
:10BEB000124C06FB00508AB24FEA104580B206FBD6
:10BEC0000C55A2EB00021A44ABB24FEA1545C3EB86
:10BED000224392B203EB114342EA03424FEA234367
:10BEE0004EF8042BDDD24146DDF80C80DDE901C5BA
:10BEF00058F80C3073B9ABF1040BD84504D307E004
:10BF0000D84504F1FF3403D25BF80439002BF7D095
:10BF1000C9F81040484601F0EFFA00282EDB002255
:10BF20004146944655F8040B0B681FFA80FEAF4259
:10BF30009AB24FEA1040A2EB0E026244C0EB2240DC
:10BF400092B200EB134042EA00424FEA204C41F823
:10BF5000042BE7D258F8242008EB84036AB9043B89
:10BF6000434504D807E0984504F1FF3403D253F861
:10BF70000429002AF7D0C9F810400136304605B030
:10BF8000BDE8F08F002005B0BDE8F08F0000000094
:10BF90002DE9F04F9FB004460091816B289D57EC2E
:10BFA000106BCDE909328DED040B41B1C26B012359
:10BFB00093404A608B6001F025F80023A363B7F13A
:10BFC0000009C0F2A88000232B60734B33EA0903F9
:10BFD00000F0AC80002200239DED047B51EC170B98
:10BFE0008DED027BF4F7BEFE824668B10123099A0B
:10BFF0001360299B13B1694B299A1360684B069310
:10C0000006981FB0BDE8F08F9DED020B1CAA1DA97C
:10C01000204601F04BFBDDF870805FEA19550B906C
:10C0200040F09A801D9D454405F23243202B40F399
:10C03000CC81C3F1400309FA03F905F2124326FA51
:10C0400003F349EA0300F4F7ABFB013D0122A1F140
:10C05000F873149219460022524BF4F763FA48A37E
:10C06000D3E90023F4F716FC47A3D3E90023F4F740
:10C070005BFA06460F462846F4F7A2FB44A3D3E931
:10C080000023F4F707FC02460B4630463946F4F726
:10C090004BFA06460F46F4F7ADFE002281460790A4
:10C0A000002330463946F4F767FE002840F07481DB
:10C0B000A8EB0508079D08F1FF36162D089600F23B
:10C0C0005881394B03EBC503DDE90201D3E90023B5
:10C0D000F4F752FE002840F07F81B8F1000F40F3E2
:10C0E0000E862E441290119508960C900023109302
:10C0F000009B092B60D8052B40F36C81043B002585
:10C100000093009B023B032B58D8DFE813F0870213
:10C1100084027A026F01012329F000492B601E4B33
:10C12000CDF8149033EA09037FF454AFC9F313092F
:10C1300042F20F73099A59EA0609136017D1299B35
:10C14000002B00F01287194B06930833299A0698A2
:10C1500013601FB0BDE8F08FDDE90201144BA5F2BA
:10C16000FF35C1F31302CDF850A0134372E7299BAA
:10C17000002B40F037810F4B069341E7AFF300806F
:10C1800061436F63A787D23FB3C8608B288AC63FDD
:10C19000FB799F501344D33F0000F07F79F30008F0
:10C1A00078F300080000F83F98F70008C4F300088F
:10C1B0000000F03FD0F30008002300930021204648
:10C1C000E16300F0F9FE0690002800F06686069B09
:10C1D000A3631D9B002B03DB079A0E2A40F3E48523
:10C1E0004FF0FF3200210D920A911392149A002A07
:10C1F00040F017821C9BC3F13603089A109D1A4425
:10C2000008920C9A90461A440C920121204600F0A4
:10C21000BFFF0646B8F1000F00F07A85089B002B9F
:10C2200040F37685089A0C9942451346A8BF4346C9
:10C23000C91AA8EB0308D31A0C910893109BC3B139
:10C24000002D00F0D68531462A46204601F082F8BE
:10C250000B9F064620463A46314600F0C7FF394656
:10C260000746204600F0CEFE109B0B975D1B40F06A
:10C270008485012310930121204600F089FF119B42
:10C280000746002B40F00683009B012B40F35D83A3
:10C29000012308990B4413F01F0300F05482C3F1EB
:10C2A0002002042A40F3F384C3F11C030C9A1944BE
:10C2B0001A4498440C9208910C9B002B05DD1A46F9
:10C2C0000B99204601F0A6F80B90089B002B05DD8A
:10C2D00039461A46204601F09DF80746009B022B7E
:10C2E000129BD4BF4FF0000A4FF0010A002B40F020
:10C2F000E6820D9B002B00F32F82BAF1000F00F0B5
:10C300002B820D9B002B40F0AE8239460522204641
:10C3100000F082FE07460B98394601F0EDF8002840
:10C3200040F3A182079BDDF818B003F1010A312325
:10C330000BF8013B394620460AF1010A00F062FE83
:10C340001EB13146204600F05DFE0B99204600F0FC
:10C3500059FE00238BF80030099BC3F800A0299BED
:10C36000002B3FF44DAE0698C3F800B01FB0BDE8F7
:10C37000F08F01231293089B002B20DB00230C93EA
:10C38000079B002B16DA0C9A079BD21A5B4210937C
:10C3900000230C921193ABE64846F4F711FA3246AB
:10C3A0003B46F4F7DFFC00287FF482AE09F1FF334F
:10C3B00007937DE6089A11931A44089296E6C8F10D
:10C3C00001030C9300230893DAE7C3F1200306FA74
:10C3D00003F038E6012594E6079B013B0793002311
:10C3E0001293C8E7B74B06930333AFE64FF0010A49
:10C3F0000A9B079A134413930133012B1E460D9396
:10C40000B8BF0126172E40F3A585012204235B0047
:10C410001146013203F11400B042F8D9E16320461D
:10C4200000F0CAFD0690002800F03785069BA36344
:10C430000D9B0E2B00F22381002D00F02081079A26
:10C44000002A40F3E581A04902F00F03151101EB2A
:10C45000C303D3E90067D30540F154829B4B05F039
:10C460000F054FF00309D3E90823DDE90201F4F7D2
:10C470003BFBCDE90E0185B1DFF85082E80740F1C2
:10C48000D3803046394609F10109F8E80223F4F770
:10C4900001FA06466D100F46F0D132463B46DDE903
:10C4A0000E01F4F721FBCDE90E01129B53B10022DE
:10C4B000874BDDE90E6730463946F4F75DFC00280E
:10C4C00040F0EE834846F4F77BF9DDE90E23F4F7FC
:10C4D000E1F9804B0022F4F727F80D9B0646A1F105
:10C4E0005077002B00F0B280079B1A930D9B159399
:10C4F000754B15991B9303EBC103DDE90E8913ED11
:10C50000027B49464046CDE916678DED187BF4F76E
:10C5100071FC0746069EF4F753F9303702460B4686
:10C5200040464946751CF3F7FDFF80468946FFB239
:10C53000DDE91823BAF1000F00F0288200206649D7
:10C54000F4F7D2FADDE91623F3F7ECFF3770424631
:10C550004B4606460F46F4F72DFC002840F04C846D
:10C560004FF0000ADDF854B00E942BE00AF1010AF6
:10C57000DA4580F2CE81304639460022574BF4F737
:10C5800089F90022554B06460F4640464946F4F7C6
:10C5900081F989468046F4F72DFC0446F4F710F93A
:10C5A00002460B46303440464946F3F7BBFF32465D
:10C5B0003B4605F8014B80468946F4F7DDFB002831
:10C5C00040F0198442464B4600204149F3F7AAFF48
:10C5D00032463B46F4F7D0FB0028C7D0069A0E9CA3
:10C5E00002E0954200F0FF83AB4615F8013D392B80
:10C5F000F7D001330692DBB22B701A9B03F1010ACC
:10C60000A3E64FF0010A0A9B002B40F33C810A9EEF
:10C6100013960D96F6E64FF0000AE9E64FF0000A91
:10C62000F1E703F23343E8E56D1008F1080825E768
:10C630004846F4F7C5F8DDE90E23F4F72BF900229C
:10C64000244BF3F771FF0646A1F150770022244BEB
:10C65000DDE90E01F3F766FF32463B468046894628
:10C66000F4F7A8FB002840F059834046494632467B
:10C6700007F10043F4F780FB002840F0FA801D9B8F
:10C68000002B02DB079A0E2A2CDDBAF1000F40F0D6
:10C6900048810C9B002B00F0F382089B002B00F0DC
:10C6A000EF820C9A08991346109E8A42A8BF0B4647
:10C6B000D21ACB1A0C920893002E40F03D8390467C
:10C6C000D9E500BFD0F3000898F7000870F700081C
:10C6D0000000F03F00001C400000E03F000024404C
:10C6E00000001440A64B1B931B9B079A03EBC2034D
:10C6F00093ED007B0A9B002B8DED007B80F25F8326
:10C700000D9B002B00F35B83002B40F0B2800022D6
:10C710009C4BDDE90001F4F7BDF802460B46DDE96C
:10C720000201F4F733FB0D99002840F0A380312378
:10C73000DDF818B020460BF8013B00F063FC079BC6
:10C7400003F1020A01E61C230C9A98441A440C9245
:10C75000089A1A440892AFE5109B002B40F0DF8145
:10C76000079B03F1010ADDF818800125DDF834B0DC
:10C77000DDF82C9007E0494600230A22204600F00D
:10C780004BFC0135814639464846FFF763FB5D4562
:10C7900000F1300308F8013BEDDB0D9A0025CDF8E0
:10C7A0002C9002F1FF38002A069AD8BF4FF00008FB
:10C7B000013290440B9901222046009300F02AFE9A
:10C7C00039460B9000F098FE002840F3FB82069A51
:10C7D00002E0904500F0018318F8013CC34608F1DF
:10C7E000FF38392BF5D0013388F800303946204620
:10C7F00000F008FC002E3FF4A8AD002D3FF4A1ADE1
:10C80000B5423FF49EAD2946204600F0FBFB98E57B
:10C8100000F06D82079B5A4A5D4205F00F0302EB60
:10C82000C303DDE90201D3E90023F4F733F82D1146
:10C83000CDE90E0100F08A83534E4FF00209E9075B
:10C840000ED509F10109DDE90E01F6E80223F4F73E
:10C8500021F86D10CDE90E013FF427AEE907F0D4C1
:10C860006D100836EBE70A9BDDF818B06FEA030A93
:10C8700060E50021204600F0C5FB0A9BDDF818B0FA
:10C88000C3F1000A61E5012300211393E1630D93D5
:10C890000A93C4E51A460146204600F05BFD009B62
:10C8A0000746012B40F37382002311933B6907EB8A
:10C8B0008303186900F002FCC0F12003E9E4394663
:10C8C0000B9800F019FE0028BFF613AD00230B995A
:10C8D0000A222046079D00F09FFB139B05F1FF39BC
:10C8E0000B90002BCCBF00250AF00105109B002BFC
:10C8F00040F00781002D40F01183139BDDF81CA050
:10C900000D9330E79DED027B4FF002098DED0E7B1C
:10C91000B1E51D9B0E9C002B03DB079A0E2A7FF7C7
:10C92000E3AE009A012A7FF761AC0D9B109A5D1E61
:10C93000AA42C0F20E82002BA2EB050580F2F6821D
:10C94000DDE90C32A3EB02085FE4049B002B7FF4CB
:10C950009FAC059BC3F31303002B7FF499AC059B9D
:10C9600023F000431B0D1B05002B3FF491AC0C9BE7
:10C9700001330C93089B013308930123119388E43E
:10C9800098F700080000144070F70008DDE9160170
:10C99000F3F780FF069B1F70159B012BCDE90E015D
:10C9A00000F0C282069BAA46159A03EB020B0022F6
:10C9B000B94B40464946F3F76DFF89468046F4F788
:10C9C00019FA0646F3F7FCFE02460B46303640469F
:10C9D0004946F3F7A7FD0AF8016BD345804689461F
:10C9E000E5D16E1E159B1E440022AC4BDDE90EAB5B
:10C9F00050465946F3F798FD42464B46F4F7BCF9CA
:10CA0000002840F0FF8152465B460020A349F3F71F
:10CA100089FD42464B46F4F7CDF900286AD11D9BAB
:10CA2000002BFFF636AE079B0E2B3FF732AE1B9B5B
:10CA3000079A03EBC20393ED007B8DED007BDDE9EC
:10CA4000009ADDE902674A46534630463946F4F714
:10CA50004BF8F4F7CFF98046F3F7B2FE4A46534657
:10CA6000F3F718FF02460B4630463946F3F75AFDF6
:10CA700008F13003069A13700D9B012B00F0DE8144
:10CA8000C5F1010902944FF0000A4FF0000B4C462B
:10CA9000DDF834901CE0DDE9002330463946F4F738
:10CAA00023F8F4F7A7F98046F3F78AFEDDE90023BF
:10CAB000F3F7F0FE0B46024639463046F3F732FDF7
:10CAC00008F1300305F8013B2B194B4500F0B58107
:10CAD0000022714BF3F7DEFE52465B4606460F46D8
:10CAE000F4F740F90028D6D0079BAB46029C03F12F
:10CAF000010A2AE416F8013CB346013E302BF9D076
:10CB00007BE5314600230A22204600F085FA139B7C
:10CB10000646CDF81C900D93002D7FF4F2ABB8F1D2
:10CB2000000F05DD31464246204600F073FC064604
:10CB3000119B002B40F06A81B146069D0D9A6B1E39
:10CB400002970B9F1A44049B03F001030A920C9373
:10CB500002993846FFF77EF931468246384600F0A2
:10CB6000CBFC029980464A4620460AF1300B00F081
:10CB7000E5FCC3680146B3BB0890384600F0BCFC36
:10CB800008990890204600F03DFA009B089A13434C
:10CB90005FD10C9B002B00F0B781B8F1000FC0F201
:10CBA000AF810A9BA846AB4208F801BB00F07C812C
:10CBB000394600230A22204600F02EFA4E45074649
:10CBC00031464FF000034FF00A0220463BD000F000
:10CBD00023FA4946064600230A22204600F01CFAA2
:10CBE00045468146B4E720460B97CDF820B0029F1A
:10CBF00000F008FAB8F1000F089B08DB049A0099CE
:10CC000002F0010248EA010852EA080232D10B9907
:10CC100001222046009300F0FDFB39460B9000F006
:10CC20006BFC0028009B40F38B81392B00F0458181
:10CC30000AF13103AB460BF8013B3546079B4E46E4
:10CC400003F1010AD2E500F0E7F9454606468146C0
:10CC50007EE7B8F1000FC0F23B81009B48EA030871
:10CC60000C9B53EA080800F03381002A99DD0B97EA
:10CC70005B46029F392B00F02081AB460133DAE797
:10CC8000109E002E58D1DDF83080FFF7F4BA3FF443
:10CC900013ABC3F13C0357E5000024400000E03F24
:10CCA0000D9B002B3FF4C4AC139D002D7FF7E7AC28
:10CCB000079B304639460022013B1A93AD4BF3F7F0
:10CCC000E9FD02460F4609F101001646CDE90E675F
:10CCD000F3F776FD32463B46F3F7DCFD0022A64B28
:10CCE000F3F722FC15950646A1F1507700E49DED7F
:10CCF000027B4FF002098DED0E7BFFF7D6BBC8F12A
:10CD0000010312900C93079B08931193FFF7EEB960
:10CD1000109B002B3FF4ADAAFFF792BA3123DDF848
:10CD200018B0002120460BF8013B00F06BF9079B7F
:10CD300003F1020AFFF709BB109A20460B9900F095
:10CD400009FB0023DDF830801E460B901093FFF79F
:10CD500092BA109B0121119A2046EB1A0D9F1A449A
:10CD6000089B3B441192089300F012FA0C9B064674
:10CD7000002B40F0838098460C972A460B9920465A
:10CD800000F0E8FA01230B901093FFF774BA049BAC
:10CD9000002B7FF489ADDDE90412C2F31303002BED
:10CDA00000F09D80119181E5079A744B03EBC2035B
:10CDB0004FF0FF3293ED007B0D928DED007B069BD3
:10CDC0005D1C3CE603D1009BDB073FF500ADC3468D
:10CDD00018F8013D302BFAD008E53123069A0AF104
:10CDE000010A137002E51A9B069201331A9331234C
:10CDF00002E4109DC1E70E9C1A9BAB4603F1010AA9
:10CE0000FFF7A3BA3546069AFFF7EEBB71682046D6
:10CE100000F0D2F80546002800F0A080336906F142
:10CE20000C010C3002339A00F3F702FB2946012271
:10CE3000204600F0EFFA81467FE6029C02460B4650
:10CE4000F3F772FB079B06460F4603F1010ADDE983
:10CE50000023F3F7AFFF48B930463946DDE9002338
:10CE6000F3F780FF38B118F0010F04D0079B069A42
:10CE70001A93FFF7B9BBAB46FFF767BA0C99089A4C
:10CE80008A421346A8BF0B46D21AA1EB03080892A8
:10CE90000D9A8A18D31A0C936FE7394B002240F28F
:10CEA000AF11384800F08AFD079A35460B975B466C
:10CEB000029F02F1010A4E467CE4079BA846069AAF
:10CEC000354603F1010A39234E4608F8013B83E455
:10CED000002A0B975B46029F3FF799AEAAE6059B97
:10CEE00023F000431B0D1B05002B3FF4DEAC0C9B15
:10CEF00001330C93089B0133089301231193D5E46C
:10CF00000B975B46029F95E65B460B97029F392B7A
:10CF1000D3D0B8F1000F3FF78BAE8BE6139BCDF863
:10CF20001C900D93FFF7EDB92E465DE5089B0D9A19
:10CF3000134408930C9B984613440C93FFF765B970
:10CF40007FF478AEDA077FF575AE6EE64FF0020932
:10CF5000FFF7ABBA0021E163FFF761BA0246084B65
:10CF600040F2EF21074800F029FD074B0693FFF739
:10CF700047B800BF0000244000001C4098F700089C
:10CF8000D4F30008E8F30008C4F3000882B049B104
:10CF90005AB16BB113780B601278101E18BF0120C4
:10CFA00002B0704701A9002AF3D1104602B07047C1
:10CFB0006FF00100F4E700BF38B5436C05460C463E
:10CFC0004BB153F8240080B1026843F824200023B9
:10CFD000C0E9033338BD2122042100F00DFD0346D2
:10CFE00068640028EDD1002038BD0121284601FAEF
:10CFF00004F56A1D920000F0FFFC0028F3D0C0E9A0
:10D000000145E4E731B1436C4A6853F822000860F7
:10D0100043F82210704700BF2DE9F04107460E4645
:10D020001C460D6901F1140E0020DEF800100130DD
:10D030008BB285424FEA114102FB03434FEA134C86
:10D040009BB202FB01CC03EB0C434FEA1C444EF8AD
:10D05000043BEADC3CB1B368AB4207DD06EB850379
:10D0600001355C6135613046BDE8F0817168384654
:10D070000131FFF7A1FF8046A8B1326906F10C012A
:10D080000C3002329200F3F7D3F97B6C726853F8DC
:10D090002210316043F82260464606EB85030135D5
:10D0A0005C613561DFE70246024BBA21024800F0BD
:10D0B00085FC00BFD4F300084CF40008B0F5803FB5
:10D0C000034610D203041020B3F1807F01D2083050
:10D0D0001B02B3F1805F08D3B3F1804F10D29A00E6
:10D0E00013D4033070470020EEE71A010430B2F188
:10D0F000804F06D29B0108D45B00F2D420207047F9
:10D100001A46002AFBDB013070470230704700BF2F
:10D1100003680246590707D0D8071DD499072AD5B6
:10D120005B0801201360704799B279B91B0CD9B222
:10D13000A1B11020190701D104301B09990712D0A1
:10D14000D90701D401305B0813607047D9B241B1EF
:10D15000180718D10420F0E70020704718201B0A98
:10D16000E8E70820FBE713F0040F4FEA930106D02D
:10D1700002300B46E8E79B08022013607047DB088B
:10D1800004D120207047DB080320DDE70330DBE714
:10D1900038B5436C04460D464BB15868B0B10268CF
:10D1A0005A60002201234561C0E9032338BD2122D2
:10D1B000042100F021FC034660640028EDD1094BF6
:10D1C000002240F24511084800F0F8FB1C22012122
:10D1D000204600F011FC0028F1D001220223C0E912
:10D1E0000123DEE7D4F300084CF400082DE9F04FEA
:10D1F000D1F8108085B015690E469246A84505DB2A
:10D200002A46534645468A4690461E4605EB080484
:10D21000DAE90113A342B8BF0131FFF7CDFE0028C0
:10D2200000F08C8000F1140707EB840E774505D2DF
:10D230003B46002243F8042B9E45FBD814360AF1E6
:10D24000140906EB880809EB8505464569D2A5EB6C
:10D250000A030AF1150ACDF808E0AE46153B03941F
:10D2600023F00303AA4594BF9B464FF0000B824670
:10D2700005E0090C2DD1B04507F104074ED956F849
:10D28000041B8DB2002DF4D0CC463C460023019601
:10D290005CF8040B216886B2E6458AB24FEA10407A
:10D2A00005FB06224FEA11411A4405FB001101EB70
:10D2B000124192B24FEA114342EA014244F8042B70
:10D2C000E6D8019E07EB0B02536056F8041C090CCC
:10D2D000D1D03B68002248463D461C469446028811
:10D2E0009BB201FB02C202EB144243EA024345F83F
:10D2F000043B50F8043B2C684FEA134C8645A3B21C
:10D3000001FB0C3303EB12434FEA134CE7D807EB56
:10D310000B02B04507F104075360B0D85046DDE971
:10D3200002E4002C02DC05E0013C03D05EF8043D81
:10D33000002BF9D0046105B0BDE8F08F0246034B25
:10D340004FF4B171024800F039FB00BFD4F300087C
:10D350004CF4000812F003032DE9F041144607468F
:10D3600032D10E46A4102CD03D6C002D35D004F0E7
:10D3700001034FF0000864103BB92868B8B10546B6
:10D3800004F001036410002BF7D02A4631463846DA
:10D39000FFF72CFF36B17B6C716853F821203260A7
:10D3A00043F8216074B1064628680028E7D12A4670
:10D3B00029463846FFF71AFF28600546C0F8008066
:10D3C000DEE73046BDE8F081013B0F4A52F82320EA
:10D3D0000023FFF721FE0646C4E701213846FFF788
:10D3E000EBFD054640B1012340F27122C0E9043251
:10D3F000002338640360BAE70246044B40F245114B
:10D40000034800F0DBFA00BF64F70008D4F300081B
:10D410004CF400082DE9F0470C46904606464FEACA
:10D4200062192769A36807EB621749687D1C9D4252
:10D4300003DD5B0001319D42FBDC3046FFF7BCFDA4
:10D4400000284DD0B9F1000F00F1140C0BDD09F1EB
:10D4500005026346002100EB820243F8041B93425D
:10D46000FBD10CEB890C04F11403216918F01F089F
:10D4700003EB81012BD0C8F12009E6464FF0000AEA
:10D480001A6802FA08F242EA0A024EF8042B53F82C
:10D49000042B994222FA09FAF2D80B1B04F1150267
:10D4A000153B23F00303914238BF002304334CF8AB
:10D4B00003A0BAF1000F00D13D46736C62680561AC
:10D4C00053F82210216043F82240BDE8F087ACF108
:10D4D000040C53F8042B99424CF8042FF9D8EBE7CD
:10D4E0000246034B4FF4EF71024800F067FA00BFA9
:10D4F000D4F300084CF4000884460B690069C01A94
:10D5000016D10CF1140C14310CEB830201EB8303E4
:10D5100010B401E0944508D252F8044D53F8041DAC
:10D520008C42F7D005D24FF0FF305DF8044B7047C6
:10D53000704701205DF8044B704700BF2DE9F04FA4
:10D54000136983B00E6989461546F61A002E14D168
:10D5500001F1140702F1140101EB830107EB8303CE
:10D5600001E09F427ED253F8044D51F8042D9442BD
:10D57000F7D080F08280012603E0FCDB00260D4618
:10D5800091466968FFF718FD002800F083802F6935
:10D5900005F1140B05F11002D9F8103009F114054A
:10D5A00000F114010BEB870E944605EB830A8846C5
:10D5B0000023C660CDF804B055F8046B5CF8042F66
:10D5C0001FFA86FBAA4594B2A4EB0B041C444FEA55
:10D5D0001643C3EB124303EB2443A4B244EA0344CF
:10D5E0004FEA234348F8044BE6D8AAEB090209F1B5
:10D5F0001509DDF804B02646153A22F00302CA45A3
:10D6000038BF00220BEB02080A4408F10408141D7D
:10D61000C645454635D9A1EB0B0105EB010C55F884
:10D62000042B1FFA82F9D618120CAE454B44B6B241
:10D6300002EB234246EA02464FEA2243CCF800605E
:10D64000EBD80EF1FF33A3EB080323F003032344CD
:10D6500026B953F8042D013F002AFAD0076103B020
:10D66000BDE8F08F0021FFF7A7FC60B10122002385
:10D67000C0E9042303B0BDE8F08F2B464D46994620
:10D680007FE71346E4E70246064B40F2372106489F
:10D6900000F094F90246034B40F24521024800F0A5
:10D6A0008DF900BFD4F300084CF400082DE9F043D5
:10D6B0000E4683B00121154659EC108BFFF77CFC18
:10D6C0000446002844D0C9F30A57C9F313030FB125
:10D6D00043F480130193B8F1000313D101A8FFF7BD
:10D6E00017FD019B01212030636121610FB3A7F277
:10D6F00033470744C0F1350037602860204603B047
:10D70000BDE8F08368460093FFF702FDDDE90023E2
:10D7100030B1C0F1200103FA01F1C3400A43019383
:10D72000002B6261A3610CBF012102212161002F46
:10D73000DDD104EB8103A0F2324030601869FFF7BD
:10D74000BDFCC0EB41102860204603B0BDE8F0836B
:10D750000246034B40F20F31024800F02FF900BFA0
:10D76000D4F300084CF40008B1F90C3070B50C4645
:10D77000990796B007D504F1430301222360C4E959
:10D78000043216B070BDB4F90E10054600292BDB2B
:10D790006A4600F05FF8002824DB4FF480612846D9
:10D7A000019EFAF719FCB4F90C30A0B306F47046E8
:10D7B00043F080034FF480622060B6F5005F206183
:10D7C000A381626135D1B4F90E10284600F058F8F3
:10D7D000B4F90C3068B323F003034FF4006243F054
:10D7E000010314E0B4F90C3013F0800F28460CBF8D
:10D7F0004FF4806540252946FAF7EEFBB4F90C306A
:10D8000048B143F0800300222060C4E904051343BB
:10D81000A38116B070BD9A05B3D423F0030304F1BD
:10D820004302012143F002032260C4E90421A381E1
:10D83000A7E74FF40062EAE7034649B1FF2A02D89E
:10D8400001200A7070478A224FF0FF301A6070473B
:10D850000846704770B50C460346084D0026204622
:10D8600011461C462E60FAF757FA431C00D070BDD3
:10D870002B68002BFBD0236070BD00BF7810002008
:10D8800038B50022064D044608462A60FAF749FAE0
:10D89000431C00D038BD2B68002BFBD0236038BD63
:10D8A000781000202DE9F04F8BB01C46DDE914788C
:10D8B000DDF858900290B8F1000F50D0002916689A
:10D8C000C3464FF0000508BF4FF0FF379246884629
:10D8D0000196039107E0019B013C53F8040B01936F
:10D8E00000284AD06546AF4235D9002C33D0DBF84A
:10D8F000003006A9019A0493DBF8043012680593FE
:10D900005B460298D9F8C861B047431C1CD000EBB5
:10D91000050CBC4526D8039B002BDCD000280DDD70
:10D9200008F1FF3206A9019E02EB000E11F8013B3F
:10D9300002F8013F7245F9D180440196DAF80020DF
:10D940000432CAF80020C6E78A210022029B05465D
:10D950001960CBF8002028460BB0BDE8F08F00F529
:10D960008678ABE7D846DDF810A0DDF814B028467D
:10D97000C8E900AB0BB0BDE8F08F0399D84609B1F8
:10D98000CAF800000CF1FF3500222846C8F8002034
:10D990000BB0BDE8F08F00BF10B584B0054C069801
:10D9A000009007980190044800680294FFF77AFFFE
:10D9B00004B010BDBC060020B40400200A4D14467B
:10D9C0001A4603462E680D4600B5F06885B044B18E
:10D9D00006490095CDE90114054900F045F801F02C
:10D9E0007FF904490C46F4E7B4040020B0F40008C1
:10D9F000C0F40008F4F2000838B5A1FB021434BBEF
:10DA0000FAF7EAFA054630B350F8042C22F0030284
:10DA1000043A242A0CD8132A0FD91B2AC0E900443F
:10DA200012D9242AC0E9024418D000F1100205E0FE
:10DA30002146FAF7D5FE284638BD0246002328467F
:10DA4000C2E90033936038BD00F10802F6E7FAF747
:10DA500015FF0C2303600025284638BD00F118028D
:10DA6000C0E90444EAE700BF0EB410B583B0074C28
:10DA7000014605AB206853F8042B019300F008F829
:10DA800003B0BDE8104003B0704700BFB4040020ED
:10DA90002DE9F04FC5B083469246082214AF049199
:10DAA00000211C4638460B93FAF79AFEBBF1000F93
:10DAB00004D0DBF83430002B00F06387049A536EF7
:10DAC000B2F90C20D90740F13B81960400F155854D
:10DAD00042F40052049923F400538A8112B24B6637
:10DAE000130740F1BA80049B1B69002B00F0B5803E
:10DAF00002F01A030A2B00F0BF801BAA00239146F4
:10DB00000D9318920793CDE91933CDE90E3355469D
:10DB1000964BD3F8CC41FEF745F82A46034612A9A6
:10DB200058460097A0470028034600F0C480C0F282
:10DB3000BA80129A252A01D01D44E9E7B5EB0A06FE
:10DB4000044640F0BC8000234FF0FF3205F1010A8B
:10DB500019468DF8433008936B78069203910AF1C9
:10DB6000010AA3F120025A2A00F20281DFE812F032
:10DB70009003000100018903000100010001690315
:10DB8000000100012602380200013102A203000157
:10DB90009B035B005B005B005B005B005B005B006A
:10DBA0005B005B00000100010001000100010001B9
:10DBB000000100010001EF01280300010001000144
:10DBC00000010001000100010001000100013E020E
:10DBD000000100010001BF0100019E0200010001DF
:10DBE000DA0500010001000100010001000100014F
:10DBF000000100010001EF018501000100010001A9
:10DC00005F0385016E0000011E0300011003FB028B
:10DC1000C8026E000001BF016B007002000100012C
:10DC20001D0600016B00A3F130020023194601EB31
:10DC300081011AF8013B02EB4101A3F13002092AEC
:10DC4000F5D908918DE79AF8003088E7039B43F0F7
:10DC5000200303939AF8003081E7049D5846294633
:10DC6000FDF756FE002840F0D187B5F90C2002F0F0
:10DC70001A030A2B7FF441AF0499B1F90E30002B3F
:10DC8000FFF63BAF4B6EDD0702D4900540F11987DC
:10DC9000234652460499584600F0E0FF0790079843
:10DCA00045B0BDE8F08F082200213846FAF798FD0C
:10DCB00001231D442CE7B5EB0A06044611D01A9B3C
:10DCC00033441A93199B0133072B1993C9E900A612
:10DCD00011DC09F10809079B33440793002C7FF4FA
:10DCE00032AF1A9B002B40F040870022049B199210
:10DCF000B3F90C3019E018AA04995846FDF788FCCE
:10DD000080B90DF16C09E6E718AA04995846FDF7A9
:10DD10007FFC002800F09C80099B1BB109995846A4
:10DD2000FAF78AFE049BB3F90C30049A526ED007BE
:10DD300040F199805B0614D4079845B0BDE8F08F98
:10DD4000900540F12A8191047FF5C2AE9E047FF5D3
:10DD5000C7AE049B9B899A0503D4049B986DFAF780
:10DD6000CFFD4FF0FF330793E6E700BFBC0600206E
:10DD7000002BB6D001228DF8AC302BAD00230A92D7
:10DD80008DF843300993CDE90523039CDDE9193073
:10DD900014F0840801461A462ED1089C059EA41B47
:10DDA000002C00F392839DF843304BB34FF00008F2
:10DDB000CDF83080013201230131C9F80430072A3F
:10DDC0000DF14303CDE91921C9F8003000F31583A3
:10DDD00009F108090C9B7BB1013211AB0231C9F882
:10DDE0000030072A4FF00203CDE91921C9F80430A9
:10DDF00000F3F68209F10809B8F1800F00F075828E
:10DE0000069B0A981C1A002C00F3AD820A9B013273
:10DE1000C9F800501944072AC9F80430CDE919217E
:10DE200000F3D28209F10809039B5C0705D5089B22
:10DE3000059A9C1A002C00F3ED820598DDE9073263
:10DE40008242ACBF9B181B18079300297FF45CAF7C
:10DE500000231993099B1BB109995846FAF7ECFD69
:10DE60000DF16C0953E69A053FF564AF049CA06D73
:10DE7000FAF746FDB4F90C305CE7039B9B0640F1D2
:10DE80002E840B9B073323F007031A465B6852F876
:10DE9000084B9E460B92002BC0F2A481069B002BE0
:10DEA000C0F2AD81039A22F080020392002B40F071
:10DEB000A68154EA0E0314BF0122002240F09F8184
:10DEC0009DF84330002B00F01581012144AD0992EB
:10DED00005910A920692039CDDE9192114F0840849
:10DEE000084613463FF459AF00230C9362E7002223
:10DEF000DDF82C808DF8432058F8042B0992002A75
:10DF000000F05885532B00F09084039B13F010040D
:10DF100040F08B84069A002AC0F2BA8521460998FF
:10DF2000FDF7B2FE9DF84320099D002800F04E86C3
:10DF3000431B0A9323EAE3730593002A00F0388613
:10DF400001330694CDF82C8005930994C3E70B9A0E
:10DF5000432B02F1040403D0039BD90640F147840C
:10DF60000822002116A82BADFAF73AFC0B9A16AB43
:10DF7000584612682946FDF7C7FE03460A9001334A
:10DF800000F007860A9B23EAE373059300230B94B2
:10DF90008DF8433009930693F7E6049DA86DFAF7D0
:10DFA000ADFCB5F90C206B6E95047FF591AD98042E
:10DFB0007FF596ADD9077FF5CCAED2E60B9B53F833
:10DFC000042B002A089280F2D382089A0B935242C3
:10DFD0000892039B43F0040303939AF80030BEE5D4
:10DFE0002B238DF843309AF80030B8E5039B9D064B
:10DFF00043F0100040F1D4820B9B073323F007035A
:10E0000019465A6851F8083B0B9100218DF84310CE
:10E0100006990029C0F2388220F490610391069994
:10E02000002940F0348253EA020114BF012100218B
:10E0300040F02D8210F00102059200F0938230230F
:10E040000DF20F1506918DF80F310A9209919CE699
:10E05000039A960630D4039B0B9913F0100351F8E2
:10E06000044B059340F0F385039B13F0400300F04D
:10E070002F84069BA4B2DDF814E0002B8DF843E05A
:10E08000C0F23284039B23F080030393002C40F002
:10E090002B84069A131E18BF0123002A40F0248403
:10E0A00044AD06930B91CDE909336EE6039B43F033
:10E0B00010029B0640F188820B9B002107338DF8EC
:10E0C000431023F00703D3F804E053F8084B0B93F5
:10E0D000069B8B42C0F2858222F08003039354EAB0
:10E0E0000E0340F08C80069A131E18BF0123002AED
:10E0F00040F0858044AD099306930A93059344E666
:10E1000000210B9B069C47F6300253F8040B8C420F
:10E11000ADF844208DF843100246C0F24883039CBA
:10E1200024F0800444F002040394002840F08A851F
:10E13000069C201E18BF0120002C40F0838544ADB2
:10E1400006900B9305900A90059B039C023314F0F4
:10E1500084080593DDE919210846134600F0C683BB
:10E160000023099338E6039884063FF545AF039AE8
:10E170000B9912F0100251F8043B40F06685039CA5
:10E1800014F0400000F034849BB220460B913CE731
:10E19000039B990640F1B5820B9B079A1B681A6096
:10E1A000D2175A600B9B04330B93B0E49AF80030FB
:10E1B0006C2B00F02683039A42F010020392CEE407
:10E1C000039A42F01003920600F1E8810B9A111DA8
:10E1D0000B9A039314680B914FEAE47E7346002B6D
:10E1E000BFF65CAE2D2364428DF843306EEB4E0ECD
:10E1F000069B002B03DB039B23F0800303930A2C75
:10E200007EF1000380F0F381069A30349DF84330AC
:10E21000012A8DF80F41B8BF01220592002B40F072
:10E22000B181099301230DF20F150A93ADE59AF818
:10E230000030682B00F0EF82039A42F04002039214
:10E240008DE45846FDF7B4FC436818460F93FAF77F
:10E2500059FB0E9004465846FDF7AAFC82689AF8CE
:10E2600000300D92002C3FF47AAC002A3FF477ACDA
:10E270001278002A3FF473AC039A42F4806203924E
:10E280006DE4039B43F0010303939AF8003066E4C6
:10E290009DF843209AF80030002A7FF460AC2022D9
:10E2A0008DF843205BE4039B43F0800303939AF8CB
:10E2B000003054E4504610F8013B2A2B00F09A84B9
:10E2C000A3F13002092A00F24B84002101EB810105
:10E2D00010F8013B02EB4101A3F13002092AF5D904
:10E2E00041EAE172824606923BE4089B05981C1ABB
:10E2F000002C7FF785AD102CB14E21DD0C954FF031
:10E300001008049D02E0103C102C18DD0132103181
:10E31000072AC9E90068CDE9192109F10809F2DDE8
:10E3200018AA29465846FDF773F900287FF4F4AC83
:10E33000103C0DF16C09102CDDE91921E6DC0C9D77
:10E3400001322144C9F80060072AC9F80440CDE928
:10E35000192100F31B83069B09F108090A981C1A6E
:10E36000002C7FF753AD102C954E1FDD4FF0100899
:10E3700002E0103C102C19DD01321031904B072ABD
:10E38000C9E90038CDE9192109F10809F1DD18AA18
:10E39000049958460DF16C09FDF73AF900287FF40D
:10E3A000BBAC103C102CDDE91921E5DC0132214425
:10E3B000C9F80060072AC9F80440CDE9192100F323
:10E3C000C48009F1080921E518AA04995846FDF707
:10E3D0001FF900287FF4A0AC1A990DF16C0923E510
:10E3E00018AA04995846FDF713F900287FF494AC55
:10E3F0000DF16C09DDE91921FEE418AA04995846CB
:10E40000FDF706F900287FF487AC0DF16C09DDE912
:10E410001921DFE4102C199BDFF8A88121DD464685
:10E420001025DDF8108002E0103C102C18DD0133BF
:10E430001031072BC9E90065CDE9193109F1080947
:10E44000F2DD18AA414658460DF16C09FDF7E0F8D7
:10E4500000287FF461AC103C102CDDE91931E6DCBA
:10E46000B04601332144072BC9E90084CDE91931B5
:10E470007FF7E3AC18AA04995846FDF7C9F80028BD
:10E480007FF44AAC1A99D8E420F48061039144AD3A
:10E4900003F00701DB08284643EA42733031D20813
:10E4A00005F8011D53EA0204F2D1302902D0039B82
:10E4B000DE077CD444AB5B1B0A9300220992069AC8
:10E4C0009A42B8BF1A4605925FE400220C92102CC3
:10E4D0001A46DFF8F08022DD46461023DDF8108072
:10E4E00002E0103C102C19DD01321030072AC9E976
:10E4F0000063CDE9192009F10809F2DD18AA4146A7
:10E5000058460DF16C09FDF783F800287FF404AC40
:10E51000103C1023102CDDE91920E5DCB046013257
:10E520002118C9F80080072AC9F80440CDE919214B
:10E5300000F3FE819DF8433009F108095BBB0C989C
:10E5400000283FF45DAC984646E418AA0499584662
:10E55000FDF75EF800287FF4DFAB0DF16C09DDE913
:10E56000192153E4059A44AD06920A9209920CE4EB
:10E570000B939AF80030FFF7F2BA9D047FF5B0AA2A
:10E58000FFF7EFBB0025013201230592CDE90953C6
:10E590000DF20F159FE44FF000080BE4039370E4B5
:10E5A0000B9B191D0B9B00220B911B682DE5302343
:10E5B000023805F8013C44AB05461B1A0A937CE778
:10E5C00060F8000870F800080B9B191D0B9B4FF0BA
:10E5D000000E0B911C68069B8DF843E07345BFF657
:10E5E0007BAD0A2C03927EF10003FFF40DAE039B7A
:10E5F000764644A9DFF8F48303F480650023CDF860
:10E6000014909E46CDE909BADDF834A023E0A319A1
:10E61000A3463046494643F10003A8FB032C2CF0E7
:10E62000030202EB9C029B1A4FF0CC32E31A66F114
:10E63000000602FB03F2BBF10A0FA3FB084308FB31
:10E6400006224FEA540470F10000134444EAC374F4
:10E650004FEA53062BD3A3190EF1010E01F1FF3936
:10E6600043F10003A8FB032020F0030202EB900219
:10E670009B1AE31AA3FB083266F100005B0808FB53
:10E68000002243EAC27303EB8303A4EB430330335A
:10E6900001F8013C002DBAD09AF800307345B6D18C
:10E6A000FF2BB4D00A2C76F1000380F00F824D4688
:10E6B00044AB06995B1BCDF834A0DDF814901A46E4
:10E6C0009142DDE909BAB8BF11460A939DF843307B
:10E6D0000591002B56D0059B0133059352E0039B17
:10E6E0000B99DE0651F8044B3FF572AD039B5D06B6
:10E6F00040F16C8144F3C03E0B9124B27346FFF7A6
:10E70000CABB039BDA0600F14F81039B5B0600F155
:10E71000B981039B9E0540F147810B9B079A1B68BB
:10E720001A703FE5AE48039A12F0200100F0F08025
:10E730000B9A073222F007021446516854F8082B4E
:10E740000B9452EA0104039D14BF01240024ED0739
:10E7500002D5002C40F0038100238DF84330069B46
:10E76000002B039BC0F2CD8023F490630393069BA0
:10E77000002B40F0C980002C40F0C68044AD0694C8
:10E780000A940594039CDDE9192114F084080846D5
:10E79000134600F053829DF84330002B00F0448272
:10E7A000002309930C93FFF705BB8E48BBE7039842
:10E7B00002240B9340F0020003908A4844AD02F01B
:10E7C0000F031209C35C42EA0172090905F8013D11
:10E7D00052EA0103F3D144AB069A5B1B9A420A93B7
:10E7E000B8BF1A460592002C7FF4AEACCAE70B9B6B
:10E7F0002BAD1B688DF8AC30012305930A93FFF70E
:10E80000C5BB039B0AF1010A43F0200303939AF866
:10E810000030FFF7A4B9039B0AF1010A43F4007327
:10E8200003939AF80030FFF79AB9099B0822002158
:10E8300016A81393F9F7D4FF069E002EC0F2ED80C0
:10E84000002425460DE02BA95846FDF75DFA411C32
:10E8500004F10404284400F09C81B04206DC06D098
:10E860000546139A16AB1259002AECD10695069B61
:10E87000002B00F0E280632B40F31F81591C5846A7
:10E88000F9F7AAFB0546002800F0838109900822C9
:10E89000002116A8F9F7A4FF069C16AB13AA294677
:10E8A000584600932346FDF755FA844240F0BF8155
:10E8B0000699002321EAE1706B549DF843200590EE
:10E8C000002A40F05C810692CDE90A18FFF75DBA94
:10E8D000039A12F4007240F0C780069B96468DF8AA
:10E8E0004320002BBFF6CEAB0B9188E4089C059E1D
:10E8F000CDF82480A41B002C7FF76EAA02220C9274
:10E90000E5E523F480630393039B03F0020455E7DA
:10E910000B9C54F8042B0B94039C14F010047FF40C
:10E9200010AF039911F040016CD092B2214608E774
:10E9300018AA04995846FCF76BFE804600287FF41D
:10E94000EBA99DF84330DDE91921002B61D10C9B27
:10E950000DF16C09002B7FF43FAAFFF751BA8DF837
:10E96000453030238DF8443000238DF84330069B2A
:10E97000002B6EDA039B23F4806343F002030393BE
:10E98000C2E75846F9F702FFFFF798B818AA0499AA
:10E990005846FCF73DFE00287FF4BEA90DF16C0936
:10E9A000DDE91921FFF72CBA0B9B079A1B681A6047
:10E9B000FFF7F8BB069B0C4D062BCDF82C8006927A
:10E9C00028BF062305930A93FFF7DFB9039B0B913A
:10E9D000980552D544F3C01E64B27346FFF75BBA84
:10E9E0005CF3000848F3000870F30008CDCCCCCCF1
:10E9F000039C14F4007233D00246DBB220460B9124
:10EA0000FFF703BB039C14F4007414BFD2B2214679
:10EA100097E60DF16C09FFF7CDB916AB13AA58466E
:10EA2000009300231946FDF795F90346069001333C
:10EA300000F0AF80099B139319E79DF84330099DBF
:10EA4000003BCDF82C8018BF01230593069B0A9349
:10EA500098E6039B23F4906343F00203039353E788
:10EA600003980B91FFF7D1BA9E468DF84330069B71
:10EA7000E4B2002BBFF606AB36E74FEAE47E7346FE
:10EA8000FFF709BA0B9B079A1B681A80FFF78ABB2E
:10EA9000099D2846F9F736FF9DF8433020EAE072D9
:10EAA0000A900592002B00F08A8001320694CDF87E
:10EAB0002C8005920994FFF70EBA00232BAD099321
:10EAC000E5E6886DF9F71CFFFFF7E2B80E9A0F999B
:10EAD000A9EB020B5846FDF733F89AF801300BB159
:10EAE0000AF1010AA3195B4A4FF0CC314FF0010E35
:10EAF00043F100030BF1FF39A2FB030C2CF00300E0
:10EB000000EB9C001B1AE31A66F1000603FB01F1FF
:10EB1000A3FB023002FB061123FA0EF3014443EA81
:10EB2000C17421FA0EF6A31943F10003A2FB0310EE
:10EB300020F0030101EB90015B1AE31AA3FB023101
:10EB400066F1000023FA0EF302FB001243EAC273DF
:10EB500003EB8303A4EB430330330BF8013C9BE549
:10EB6000002282460692FEF7FCBF18AA0499584676
:10EB7000FCF74EFD00283FF4B8A8FFF7D3B8069A7B
:10EB8000CDF82C800A92059A069301320592FFF780
:10EB9000A2B90498B0F90C30426E43F04001D2079C
:10EBA00081813FF5DEA899053FF5DBA8FFF75EB947
:10EBB000099D0692CDF82C800992FFF7E6B8099DD1
:10EBC0000693CDF82C800993FFF7DFB84AB1069A77
:10EBD000CDF82C80511C0A92069005910990FFF700
:10EBE0007AB9069B0992CDF82C800A930593069278
:10EBF000FFF7CBB80B9A9AF80130824652F8041B03
:10EC000041EAE1710B920691FEF7A9BF049A536E97
:10EC1000DF073FF5A6A893899E053FF5A2A8906D52
:10EC2000F9F76EFEFFF79DB80993FFF7E5B8049A70
:10EC3000938943F040039381FFF76EB8CDF82480A9
:10EC4000FFF7ABB804480B935EE60398AAE4039A77
:10EC5000BCE400BFCDCCCCCC48F300082DE9F0419A
:10EC600098468B89ADF58D6D164623F00203074655
:10EC700016A80D46ADF80C301AAB6C460093049301
:10EC80004FF48063029305934B6E1993CB89ADF8D3
:10EC90000E30CB6907934B6A099300230693F9F76B
:10ECA00029FE3246434669463846FEF7F1FE061E07
:10ECB00007DB69463846FCF7B7FD002818BF4FF060
:10ECC000FF36A3895B0603D5AB8943F04003AB81D4
:10ECD000A06DF9F711FE30460DF58D6DBDE8F081A0
:10ECE000062008B500F004F80120F8F7FCFF00BF8B
:10ECF00038B51F28134B1D681ED8D5F8F8210446D7
:10ED000062B152F820304BB1012B05D0591C0FD005
:10ED1000002142F820109847002038BD284600F016
:10ED200029F8224601462846BDE8384000F00CB8D4
:10ED3000162301202B6038BD16234FF0FF302B60C7
:10ED400038BD00BFB404002070B50C460346084D22
:10ED50000026204611461C462E60F8F7BCFF431CD7
:10ED600000D070BD2B68002BFBD0236070BD00BFAE
:10ED700078100020F8F7ADBF2DE9F04F8C46099EC2
:10ED800004460F46002B48D18A4215465ED9B2FA96
:10ED900082F33BB1C3F120029F409D409C4020FA8A
:10EDA00002F217434FEA154E1FFA85FC220CB7FBFF
:10EDB000FEF10EFB117701FB0CF042EA0742904294
:10EDC00007D9AA1801F1FF3702D2904200F2588108
:10EDD0003946121AA4B2B2FBFEF00EFB102200FB61
:10EDE0000CFC44EA0244A4450BD92C1900F1FF3273
:10EDF0002CBF01270027A44502D9002F00F0438132
:10EE0000104640EA0140A4EB0C0400211EB1DC4096
:10EE10000023C6E90043BDE8F08F8B4206D90EB14E
:10EE2000C6E9000100210846BDE8F08FB3FA83F17E
:10EE3000002951D16345C0F01681824240F213810E
:10EE40000846002EE7D0C6E90047E4E7002A00F0B4
:10EE5000AF80B2FA82F3002B40F0C2808A1A4FEAE8
:10EE6000154EAFB20121200CB2FBFEFC0EFB1C22A2
:10EE700040EA024207FB0CF090420ED9AA180CF1AE
:10EE8000FF382CBF4FF001094FF00009904203D921
:10EE9000B9F1000F00F0F080C446121AA4B2B2FB20
:10EEA000FEF00EFB102200FB07F744EA0244A742E3
:10EEB0000ED92C1900F1FF322CBF4FF0010E4FF08C
:10EEC000000EA74203D9BEF1000F00F0D280104619
:10EED000E41B40EA0C4099E7C1F120058B400CFA95
:10EEE00001F400FA01F922FA05F72CFA05FC8A4030
:10EEF0001F4320FA05F3380C23431FFA87FE1C0C2E
:10EF0000BCFBF0F800FB18CC44EA0C4408FB0EFCF8
:10EF1000A4450ED93C1908F1FF3A2CBF4FF0010B64
:10EF20004FF0000BA44503D9BBF1000F00F0B880EF
:10EF3000D046A4EB0C041FFA83FCB4FBF0F300FBF7
:10EF4000134403FB0EFE4CEA0444A6450ED93C19BB
:10EF500003F1FF302CBF4FF0010C4FF0000CA64521
:10EF600003D9BCF1000F00F09F80034643EA08403C
:10EF7000A4EB0E04A0FB02EC64457346E04602D30A
:10EF800007D1F14505D2BEEB02036CEB070C01384B
:10EF9000E0465EB1B9EB030264EB080404FA05F540
:10EFA00022FA01F3CC401D43C6E90054002132E7A8
:10EFB00042082F464B08AC4642EAC172AE46C4072F
:10EFC000110C92B241EA034142EA0142B1FBF5F170
:10EFD000B3FBF5F01F23A2EB0C0241EA004142E72C
:10EFE0009D40C3F1200299409C402CFA02FC4FEA5C
:10EFF000154E20FA02F2AFB2BCFBFEF80A430EFB3C
:10F0000018CC110C41EA0C4108FB07FC8C4550D987
:10F01000691808F1FF302CBF4FF001094FF00009CB
:10F020008C4502D9B9F1000F30D0A1EB0C01B1FB36
:10F03000FEF808FB07FC0EFB181192B242EA0142EF
:10F04000624534D2AA1808F1FF312CBF4FF00109F4
:10F050004FF000096245BED2B9F1000FBBD1A8F153
:10F0600002012A44B7E7841A6CEB03020120174619
:10F07000E7E62C4402382BE7ACF1020C2A440CE7FB
:10F0800002392A44A5E62C440238BAE6A5EB0C0C5A
:10F09000A8F102006144B1FBFEF808FB07FCCAE7D7
:10F0A000A8F102083C4444E7023B3C445EE7414689
:10F0B00091E7A1EB0C014046B1FBFEF808FB07FC11
:10F0C000B9E700BFF8B500BFF8BC08BC9E46704762
:0CF0D000F8B500BFF8BC08BC9E467047B5
:10F0E0000000000001020304000000000000000016
:10F0F00001020304060708096D61696E0000000043
:10F10000284E554C4C2900006865617000000000D5
:10F11000736D616C6C0000007469646C652564003B
:10F120004F4B0000434F525255505445440000008D
:10F130003D3D3D204475616C2D48656170204D65F5
:10F140006D6F7279204C61796F757420546573749A
:10F15000203D3D3D0000000043206C6962726172F9
:10F160007920686561703A2073746172743D25700E
:10F170002C206C696D69743D25702C2073697A654B
:10F180003D256C752062797465730A0052542D54C4
:10F190006872656164206865617020736563746975
:10F1A0006F6E3A2073746172743D25702C20656E09
:10F1B000643D25702C2073697A653D256C7520624D
:10F1C000797465730A0000004D53502073746163B5
:10F1D0006B2070726F74656374696F6E20726567FF
:10F1E000696F6E3A202573202873746172743D250F
:10F1F000702C20656E643D2570290A0043206C69DF
:10F200006272617279206D616C6C6F632832302993
:10F21000203D2025700A00004F53414C206D616C49
:10F220006C6F6328353029203D2025700A000000CE
:10F230006D616C6C6F63283130323429203D20259C
:10F24000700A00000A3D3D3D20466C6F6174696E96
:10F25000672D706F696E742054657374203D3D3D59
:10F2600000000000466C6F61743A20256620282556
:10F270002E3666290A000000446F75626C653A20DC
:10F28000256C662028252E31356C66290A00000081
:10F29000536369656E74696669633A2025652C203D
:10F2A00025450A004D697865643A202566202B20A3
:10F2B0002566203D2025660A0000000073696E283F
:10F2C000256629203D2025662C20636F732825663E
:10F2D00029203D2025660A0073717274282566294D
:10F2E000203D2025662C2065787028256629203D44
:10F2F0002025660A0000000041727261795B335D6F
:10F30000203D2025660A0000466C6F6174696E67B7
:10F310002D706F696E74207465737420636F6D70E7
:10F320006C657465642E00005465737420636F6DA2
:10F33000706C657465642E00494E4600696E660007
:10F340004E414E006E616E00303132333435363707
:10F350003839616263646566000000003031323321
:10F3600034353637383941424344454600000000C1
:10F37000286E756C6C290000300000002E00000023
:10F380004C435F434F4C4C41544500004C435F435A
:10F3900054595045000000004C435F4D4F4E4554BA
:10F3A000415259004C435F4E554D45524943000070
:10F3B0004C435F54494D45004C435F4D45535341C9
:10F3C00047455300496E66696E6974790000000014
:10F3D0004E614E0042616C6C6F63207375636365B0
:10F3E00065646564000000002F566F6C756D657371
:10F3F0002F646174612F6A656E6B696E732F776F0E
:10F40000726B73706163652F474E552D746F6F6C0F
:10F41000636861696E2F61726D2D31342F73726371
:10F420002F6E65776C69622D63796777696E2F6ED1
:10F4300065776C69622F6C6962632F7374646C69A1
:10F44000622F64746F612E63000000002F566F6C92
:10F45000756D65732F646174612F6A656E6B696E7B
:10F46000732F776F726B73706163652F474E552DE5
:10F47000746F6F6C636861696E2F61726D2D3134CA
:10F480002F7372632F6E65776C69622D637967776E
:10F49000696E2F6E65776C69622F6C6962632F737A
:10F4A00074646C69622F6D707265632E6300000076
:10F4B0002C2066756E6374696F6E3A200000000040
:10F4C000617373657274696F6E20222573222066E2
:10F4D00061696C65643A2066696C65202225732237
:10F4E0002C206C696E65202564257325730A000045
:10F4F00030313233343536373839616263646566AA
:10F50000000000003031323334353637383941426B
:10F5100043444546000000000000010002000100D5
:10F5200003000100020001000400010002000100CC
:10F5300003000100020001000500010002000100BB
:10F5400003000100020001000400010002000100AC
:10F55000030001000200010006000100020001009A
:10F56000030001000200010004000100020001008C
:10F57000030001000200010005000100020001007B
:10F58000030001000200010004000100020001006C
:10F590000300010002000100070001000200010059
:10F5A000030001000200010004000100020001004C
:10F5B000030001000200010005000100020001003B
:10F5C000030001000200010004000100020001002C
:10F5D000030001000200010006000100020001001A
:10F5E000030001000200010004000100020001000C
:10F5F00003000100020001000500010002000100FB
:10F6000003000100020001000400010002000100EB
:10F6100003000100020001000100020004000600D6
:10F6200008000A000C0010002000400080000001CB
:10F63000080402040801010101010103070100009F
:10F6400030303030303030303030303030303030BA
:10F6500020202020202020202020202020202020AA
:10F660000020202020202020202028282828282092
:10F67000202020202020202020202020202020208A
:10F6800020881010101010101010101010101010F2
:10F6900010040404040404040404041010101010E2
:10F6A00010104141414141410101010101010101AC
:10F6B00001010101010101010101010110101010FE
:10F6C000101042424242424202020202020202027E
:10F6D00002020202020202020202020210101010D2
:10F6E00020000000000000000000000000000000FA
:10F6F000000000000000000000000000000000000A
:10F7000000000000000000000000000000000000F9
:10F7100000000000000000000000000000000000E9
:10F7200000000000000000000000000000000000D9
:10F7300000000000000000000000000000000000C9
:10F7400000000000000000000000000000000000B9
:10F7500000000000000000000000000000000000A9
:10F760000000000005000000190000007D000000FE
:10F770000080E03779C34143176E05B5B5B89346AD
:10F78000F5F93FE9034F384D321D30F94877825A79
:10F790003CBF737FDD4F1575000000000000F03F97
:10F7A000000000000000244000000000000059405C
:10F7B0000000000000408F40000000000088C340AF
:10F7C00000000000006AF8400000000080842E4124
:10F7D00000000000D01263410000000084D7974170
:10F7E0000000000065CDCD41000000205FA0024276
:10F7F000000000E876483742000000A2941A6D42EB
:10F80000000040E59C30A2420000901EC4BCD642DD
:10F8100000003426F56B0C430080E03779C3414388
:10F8200000A0D8855734764300C84E676DC1AB43FE
:10F83000003D9160E458E143408CB5781DAF15441C
:10F8400050EFE2D6E41A4B4492D54D06CFF08044F7
:10F85000F64AE1C7022DB544B49DD9794378EA440C
:10F860003030303030303030303030303030303098
:10F870002020202020202020202020202020202088
:08F88000B00BFF7F0100000046
:10F88800C3180008C7180008CB180008CF180008CC
:08F8980061890008E50E00087B
:04F8A000BD0E000891
:10F8A4000090D003010000000800002008000020A0
:10F8B4008000000002000000180000201800002052
:10F8C4002000000003000000280000202800002081
:10F8D400240000000400000038000020380000204C
:10F8E400200000000500000048000020480000201F
:10F8F40030000000060000005800002058000020DE
:10F904003C0000000A00000068000020680000209D
:10F914002C0000000C00000078000020780000207B
:10F924002800000084000020840000200100000062
:10F934001000000010120020FFFFFFFF0000020073
:10F944000000000000000000A0000020A000002033
:10F95400A8000020A8000020B0000020B000002073
:10F96400B8000020B8000020C0000020C000002023
:10F97400C8000020C8000020D0000020D0000020D3
:10F98400D8000020D8000020E0000020E000002083
:10F99400E8000020E8000020F0000020F000002033
:10F9A400F8000020F80000200001002000010020E1
:10F9B400080100200801002010010020100100208F
:10F9C400180100201801002020010020200100203F
:10F9D40028010020280100203001002030010020EF
:10F9E400380100203801002040010020400100209F
:10F9F400480100204801002050010020500100204F
:10FA040058010020580100206001002060010020FE
:10FA140068010020680100207001002070010020AE
:10FA2400780100207801002080010020800100205E
:10FA3400880100208801002090010020900100200E
:10FA44009801002098010020A0010020A0010020BE
:10FA5400A8010020A8010020B0010020B00100206E
:10FA6400B8010020B8010020C0010020C00100201E
:10FA7400C8010020C8010020D0010020D0010020CE
:10FA8400D8010020D8010020E0010020E00100207E
:10FA9400E8010020E8010020F0010020F00100202E
:10FAA400F8010020F80100200002002000020020DC
:10FAB400080200200802002010020020100200208A
:10FAC400180200201802002020020020200200203A
:10FAD40028020020280200203002002030020020EA
:10FAE400380200203802002040020020400200209A
:10FAF400480200204802002050020020500200204A
:10FB040058020020580200206002002060020020F9
:10FB140068020020680200207002002070020020A9
:10FB24007802002078020020800200208002002059
:10FB34008802002088020020900200209002002009
:10FB44009802002098020020A0020020A0020020B9
:10FB5400A8020020A8020020B0020020B002002069
:10FB6400B8020020B8020020C0020020C002002019
:10FB7400C8020020C8020020D0020020D0020020C9
:10FB8400D8020020D8020020E0020020E002002079
:10FB9400E8020020E8020020F0020020F002002029
:10FBA400F8020020F80200200003002000030020D7
:10FBB4000803002008030020100300201003002085
:10FBC4001803002018030020200300202003002035
:10FBD40028030020280300203003002030030020E5
:10FBE4003803002038030020400300204003002095
:10FBF4004803002048030020500300205003002045
:10FC040058030020580300206003002060030020F4
:10FC140068030020680300207003002070030020A4
:10FC24007803002078030020800300208003002054
:10FC34008803002088030020900300209003002004
:10FC44009803002098030020A0030020A0030020B4
:10FC5400A8030020A8030020B0030020B003002064
:10FC6400B8030020B8030020C0030020C003002014
:10FC7400C8030020C8030020D0030020D0030020C4
:10FC8400D8030020D8030020E0030020E003002074
:10FC9400E8030020E8030020F0030020F003002024
:10FCA400F8030020F80300200004002000040020D2
:10FCB4000804002008040020100400201004002080
:10FCC4001804002018040020200400202004002030
:10FCD40028040020280400203004002030040020E0
:10FCE4003804002038040020400400204004002090
:10FCF4004804002048040020500400205004002040
:10FD040058040020580400206004002060040020EF
:10FD1400680400206804002070040020700400209F
:10FD2400780400207804002080040020800400204F
:10FD340088040020880400209004002090040020FF
:10FD44009804002098040020000000000300000034
:10FD5400300F0020B804002000000000300F002005
:10FD6400980F002000100020000000000000000098
:10FD7400000000000000000000000000000000007F
:10FD8400000000000000000000000000000000006F
:10FD9400000000000000000000000000000000005F
:10FDA400000000000000000000000000000000004F
:10FDB400000000000000000000000000000000003F
:10FDC400000000000000000000000000000000002F
:10FDD400000000000000000000000000000000001F
:10FDE400000000000000000000000000000000000F
:10FDF40001000000000000000E33CDAB34126DE6AC
:10FE0400ECDE05000B000000000000000000000014
:10FE140000000000000000000000000000000000DE
:10FE240000000000000000000000000000000000CE
:10FE340000000000000000000000000000000000BE
:10FE440000000000000000000000000000000000AE
:10FE5400000000000000000000000000000000009E
:10FE6400000000000000000000000000000000008E
:10FE7400000000000000000000000000000000007E
:10FE8400000000000000000000000000000000006E
:10FE9400000000000000000000000000000000005E
:10FEA400000000000000000000000000000000004E
:10FEB400000000000000000000000000000000003E
:10FEC400000000000000000000000000000000002E
:10FED400000000000000000000000000000000001E
:10FEE400000000000000000000000000000000000E
:10FEF40000000000000000000000000000000000FE
:10FF040000000000000000000000000000000000ED
:10FF140000000000000000000000000000000000DD
:10FF240000000000000000000000000000000000CD
:10FF340000000000000000000000000000000000BD
:10FF440000000000000000000000000000000000AD
:10FF540000000000000000006C10002043000000BE
:10FF6400000000000000000000000000000000008D
:10FF7400000000000000000000000000430000003A
:10FF8400000000000000000000000000000000006D
:10FF9400000000000000000000000000430000001A
:10FFA400000000000000000000000000000000004D
:10FFB40000000000000000000000000043000000FA
:10FFC400000000000000000000000000000000002D
:10FFD40000000000000000000000000043000000DA
:10FFE400000000000000000000000000000000000D
:0CFFF40000000000000000000000000001
:020000040801F1
:1000000043000000000000000000000000000000AD
:1000100000000000000000000000000000000000E0
:10002000430000000000000000000000000000008D
:1000300000000000000000000000000000000000C0
:10004000430000000000000000000000000000006D
:1000500000000000000000000000000000000000A0
:100060000000000000000000000000000000000090
:100070000000000000000000000000000000000080
:100080000000000000000000000000000000000070
:100090000000000000000000000000000000000060
:1000A0000000000000000000000000000000000050
:1000B0000000000000000000000000000000000040
:1000C0000000000000000000000000000000000030
:1000D0000000000000000000000000000000000020
:1000E0000000000000000000000000000000000010
:1000F0000000000000000000000000000000000000
:1001000000000000000000000000000000000000EF
:1001100000000000000000000000000000000000DF
:10012000000000000000000039D800088DCF000852
:100130000000000060F600087CF30008F4F20008FC
:10014000F4F20008F4F20008F4F20008F4F20008F7
:10015000F4F20008F4F20008F4F20008F4F20008E7
:10016000FFFFFFFFFFFFFFFFFFFFFFFFFFFF00009D
:100170000100415343494900000000000000000015
:10018000000000000000000000000000000000006F
:1001900000004153434949000000000000000000F6
:1001A000000000000000000000000000000000004F
:0401B000000000004B
:04000005080013FFDD
:00000001FF
